#Tools,,,,,,,,,,,,,,,,
,ToolInfo,Frame#,PortHandle,Face#,timespec_s,timespec_ns,TransformStatus,Q0,Qx,Qy,Qz,Tx,Ty,Tz,Error,#Markers
,,21030,Port:10,0,0,0,Enabled,0.613153,-0.352636,-0.429022,0.561811,-58.8895,66.0126,-356.369,0.329115,0
,,21062,Port:10,0,0,0,Enabled,0.612771,-0.352961,-0.428586,0.562356,-58.9884,65.9206,-356.433,0.339737,0
,,21070,Port:10,0,0,0,Enabled,0.613034,-0.352782,-0.428579,0.562187,-59.047,65.8802,-356.389,0.333809,0
,,21086,Port:10,0,0,0,Enabled,0.61326,-0.352475,-0.428947,0.561852,-59.0248,66.0828,-356.472,0.332871,0
,,21102,Port:10,0,0,0,Enabled,0.613099,-0.352667,-0.428647,0.562137,-59.074,65.9715,-356.501,0.334816,0
,,21118,Port:10,0,0,0,Enabled,0.613361,-0.352349,-0.429243,0.561596,-58.9928,66.1346,-356.783,0.329389,0
,,21134,Port:10,0,0,0,Enabled,0.613599,-0.352265,-0.429022,0.561556,-59.0707,65.9842,-356.459,0.326611,0
,,21150,Port:10,0,0,0,Enabled,0.613684,-0.35202,-0.42937,0.561352,-59.085,66.1563,-356.732,0.324753,0
,,21166,Port:10,0,0,0,Enabled,0.6136,-0.35236,-0.428935,0.561563,-59.0478,65.9058,-356.396,0.324065,0
,,21182,Port:10,0,0,0,Enabled,0.613548,-0.352245,-0.429088,0.561574,-59.0847,66.0105,-356.665,0.32399,0
,,,,,,,,,,,,,,,,
,ToolInfo,Frame#,PortHandle,Face#,timespec_s,timespec_ns,TransformStatus,Q0,Qx,Qy,Qz,Tx,Ty,Tz,Error,#Markers
,,46086,Port:10,0,0,0,Enabled,0.68383,0.148772,-0.473268,0.535034,-25.2811,0.28146,-184.418,0.219298,0
,,46094,Port:10,0,0,0,Enabled,0.683843,0.148722,-0.473265,0.535034,-25.2787,0.276322,-184.404,0.219634,0
,,46102,Port:10,0,0,0,Enabled,0.683805,0.148685,-0.473307,0.535055,-25.2657,0.27831,-184.415,0.219762,0
,,46110,Port:10,0,0,0,Enabled,0.683788,0.148721,-0.473314,0.535061,-25.2688,0.284495,-184.423,0.2201,0
,,46126,Port:10,0,0,0,Enabled,0.683818,0.14871,-0.473292,0.535045,-25.2689,0.276379,-184.408,0.219809,0
,,46142,Port:10,0,0,0,Enabled,0.683766,0.1487,-0.473333,0.535078,-25.2578,0.279558,-184.435,0.218991,0
,,46158,Port:10,0,0,0,Enabled,0.683766,0.148651,-0.473341,0.535085,-25.2601,0.279843,-184.418,0.219736,0
,,46182,Port:10,0,0,0,Enabled,0.683757,0.148677,-0.473322,0.535106,-25.2703,0.279257,-184.421,0.22043,0
,,46190,Port:10,0,0,0,Enabled,0.683747,0.148624,-0.473345,0.535113,-25.2636,0.281645,-184.417,0.220958,0
,,46206,Port:10,0,0,0,Enabled,0.683692,0.148624,-0.473361,0.535169,-25.2653,0.282706,-184.439,0.221381,0
,,,,,,,,,,,,,,,,
,ToolInfo,Frame#,PortHandle,Face#,timespec_s,timespec_ns,TransformStatus,Q0,Qx,Qy,Qz,Tx,Ty,Tz,Error,#Markers
,,58430,Port:10,0,0,0,Enabled,0.248994,-0.721851,-0.513754,0.39114,-52.5829,72.2542,-267.51,0.384883,0
,,58438,Port:10,0,0,0,Enabled,0.248928,-0.721905,-0.513713,0.391137,-52.5657,72.247,-267.467,0.381985,0
,,58446,Port:10,0,0,0,Enabled,0.248948,-0.721809,-0.513784,0.391207,-52.5904,72.215,-267.467,0.382056,0
,,58462,Port:10,0,0,0,Enabled,0.249063,-0.721777,-0.513773,0.391207,-52.6112,72.2559,-267.518,0.38544,0
,,58470,Port:10,0,0,0,Enabled,0.248989,-0.72177,-0.513883,0.391123,-52.5807,72.2252,-267.483,0.386125,0
,,58486,Port:10,0,0,0,Enabled,0.249069,-0.721795,-0.513832,0.391094,-52.5717,72.2414,-267.513,0.384558,0
,,58510,Port:10,0,0,0,Enabled,0.24906,-0.721622,-0.51404,0.391143,-52.5763,72.1739,-267.441,0.379265,0
,,58518,Port:10,0,0,0,Enabled,0.249281,-0.721477,-0.514191,0.391072,-52.5882,72.2214,-267.433,0.379977,0
,,58534,Port:10,0,0,0,Enabled,0.248933,-0.721722,-0.513865,0.391271,-52.604,72.173,-267.458,0.379751,0
,,58550,Port:10,0,0,0,Enabled,0.248951,-0.721876,-0.513639,0.391272,-52.615,72.2277,-267.463,0.374674,0
,,,,,,,,,,,,,,,,
,ToolInfo,Frame#,PortHandle,Face#,timespec_s,timespec_ns,TransformStatus,Q0,Qx,Qy,Qz,Tx,Ty,Tz,Error,#Markers
,,64966,Port:10,0,0,0,Enabled,0.482004,-0.201632,-0.483468,0.702336,-74.2628,74.6056,-259.825,0.310634,0
,,64974,Port:10,0,0,0,Enabled,0.481996,-0.201583,-0.483451,0.702367,-74.2825,74.6076,-259.78,0.31058,0
,,64990,Port:10,0,0,0,Enabled,0.48193,-0.201657,-0.483539,0.70233,-74.2627,74.6484,-259.848,0.309393,0
,,65006,Port:10,0,0,0,Enabled,0.481958,-0.201639,-0.483454,0.702375,-74.2778,74.6164,-259.787,0.309947,0
,,65022,Port:10,0,0,0,Enabled,0.482,-0.201554,-0.483552,0.702302,-74.2882,74.6455,-259.848,0.309397,0
,,65038,Port:10,0,0,0,Enabled,0.48185,-0.20172,-0.483377,0.702479,-74.2954,74.5966,-259.793,0.306952,0
,,65054,Port:10,0,0,0,Enabled,0.481874,-0.201668,-0.483437,0.702436,-74.2898,74.6027,-259.823,0.307551,0
,,65070,Port:10,0,0,0,Enabled,0.481872,-0.201755,-0.483416,0.702427,-74.2656,74.5888,-259.813,0.307291,0
,,65086,Port:10,0,0,0,Enabled,0.481882,-0.201665,-0.483351,0.70249,-74.2994,74.5516,-259.792,0.307943,0
,,65102,Port:10,0,0,0,Enabled,0.481762,-0.20188,-0.483352,0.702511,-74.254,74.5657,-259.843,0.308155,0
,,,,,,,,,,,,,,,,
,ToolInfo,Frame#,PortHandle,Face#,timespec_s,timespec_ns,TransformStatus,Q0,Qx,Qy,Qz,Tx,Ty,Tz,Error,#Markers
,,78126,Port:10,0,0,0,Enabled,0.186271,0.75068,0.280993,0.568178,-54.2077,102.956,-226.013,0.748276,0
,,78134,Port:10,0,0,0,Enabled,0.186294,0.750674,0.281047,0.568151,-54.2135,102.943,-226.002,0.749142,0
,,78142,Port:10,0,0,0,Enabled,0.186201,0.750667,0.281052,0.568188,-54.2298,102.984,-226.059,0.749349,0
,,78158,Port:10,0,0,0,Enabled,0.186302,0.750652,0.281039,0.568182,-54.1954,102.955,-226.002,0.749871,0
,,78174,Port:10,0,0,0,Enabled,0.186161,0.750636,0.280976,0.568281,-54.1951,103.013,-226.058,0.748346,0
,,78190,Port:10,0,0,0,Enabled,0.186157,0.75069,0.28084,0.568278,-54.1757,102.977,-225.996,0.747031,0
,,78206,Port:10,0,0,0,Enabled,0.186094,0.750664,0.280862,0.568322,-54.1918,103.036,-226.069,0.745745,0
,,78222,Port:10,0,0,0,Enabled,0.186165,0.750675,0.280858,0.568286,-54.1843,103.005,-226.015,0.745353,0
,,78238,Port:10,0,0,0,Enabled,0.186163,0.750634,0.280973,0.568284,-54.2038,103.024,-226.079,0.746979,0
,,78254,Port:10,0,0,0,Enabled,0.186307,0.750635,0.281098,0.568174,-54.2071,102.98,-226.017,0.749075,0
,,,,,,,,,,,,,,,,
,ToolInfo,Frame#,PortHandle,Face#,timespec_s,timespec_ns,TransformStatus,Q0,Qx,Qy,Qz,Tx,Ty,Tz,Error,#Markers
,,90854,Port:10,0,0,0,Enabled,0.3127,-0.219137,-0.492357,0.782165,-26.1244,58.356,-265.635,0.242411,0
,,90862,Port:10,0,0,0,Enabled,0.312826,-0.219045,-0.492316,0.782167,-26.1398,58.3294,-265.625,0.244063,0
,,90870,Port:10,0,0,0,Enabled,0.312677,-0.219105,-0.492333,0.782198,-26.1414,58.3569,-265.609,0.243192,0
,,90886,Port:10,0,0,0,Enabled,0.312637,-0.219133,-0.492249,0.78226,-26.1565,58.3331,-265.608,0.242216,0
,,90902,Port:10,0,0,0,Enabled,0.312785,-0.21908,-0.492392,0.782125,-26.1376,58.3785,-265.639,0.244807,0
,,90918,Port:10,0,0,0,Enabled,0.312978,-0.218843,-0.492348,0.782142,-26.1963,58.3558,-265.584,0.246886,0
,,90934,Port:10,0,0,0,Enabled,0.312656,-0.219154,-0.492313,0.782206,-26.1463,58.3681,-265.646,0.245306,0
,,90950,Port:10,0,0,0,Enabled,0.313074,-0.218895,-0.492372,0.782074,-26.1668,58.3521,-265.572,0.248668,0
,,90966,Port:10,0,0,0,Enabled,0.312923,-0.219057,-0.492409,0.782066,-26.1258,58.3629,-265.629,0.246041,0
,,90982,Port:10,0,0,0,Enabled,0.313038,-0.21891,-0.492339,0.782105,-26.1737,58.3403,-265.565,0.246645,0
,,,,,,,,,,,,,,,,
,ToolInfo,Frame#,PortHandle,Face#,timespec_s,timespec_ns,TransformStatus,Q0,Qx,Qy,Qz,Tx,Ty,Tz,Error,#Markers
,,102406,Port:10,0,0,0,Enabled,0.653198,-0.359109,-0.429118,0.510129,-158.701,16.2929,-83.2755,0.155199,0
,,102414,Port:10,0,0,0,Enabled,0.653165,-0.359154,-0.429109,0.510146,-158.694,16.2977,-83.2823,0.154983,0
,,102430,Port:10,0,0,0,Enabled,0.653244,-0.359062,-0.429158,0.510068,-158.698,16.2992,-83.272,0.15576,0
,,102446,Port:10,0,0,0,Enabled,0.653232,-0.359074,-0.429122,0.510105,-158.699,16.2953,-83.2701,0.15552,0
,,102462,Port:10,0,0,0,Enabled,0.653236,-0.359072,-0.429164,0.510068,-158.693,16.2986,-83.2735,0.155726,0
,,102478,Port:10,0,0,0,Enabled,0.653303,-0.358997,-0.429159,0.510038,-158.702,16.2978,-83.2628,0.156199,0
,,102494,Port:10,0,0,0,Enabled,0.653246,-0.359063,-0.429174,0.510052,-158.694,16.297,-83.2736,0.155843,0
,,102510,Port:10,0,0,0,Enabled,0.653258,-0.359033,-0.429141,0.510087,-158.7,16.2954,-83.2649,0.155881,0
,,102526,Port:10,0,0,0,Enabled,0.653218,-0.359089,-0.429158,0.510083,-158.695,16.2927,-83.2731,0.155693,0
,,102542,Port:10,0,0,0,Enabled,0.653215,-0.359072,-0.4291,0.510149,-158.703,16.2946,-83.2618,0.155482,0
,,,,,,,,,,,,,,,,
,ToolInfo,Frame#,PortHandle,Face#,timespec_s,timespec_ns,TransformStatus,Q0,Qx,Qy,Qz,Tx,Ty,Tz,Error,#Markers
,,106358,Port:10,0,0,0,Enabled,0.181682,-0.956173,-0.217562,0.0734192,-22.517,127.427,-231.929,0.910776,0
,,106366,Port:10,0,0,0,Enabled,0.181783,-0.956039,-0.218036,0.073511,-22.5693,127.44,-231.934,0.909009,0
,,106382,Port:10,0,0,0,Enabled,0.182004,-0.956009,-0.217951,0.0736114,-22.5492,127.48,-231.933,0.907489,0
,,106398,Port:10,0,0,0,Enabled,0.181515,-0.956333,-0.217051,0.0732663,-22.4275,127.409,-231.939,0.91053,0
,,106414,Port:10,0,0,0,Enabled,0.181995,-0.955955,-0.218247,0.073463,-22.5475,127.465,-231.95,0.902635,0
,,106430,Port:10,0,0,0,Enabled,0.181723,-0.956365,-0.21669,0.0734049,-22.5299,127.476,-231.953,0.911399,0
,,106446,Port:10,0,0,0,Enabled,0.181769,-0.956113,-0.217822,0.073219,-22.4969,127.456,-231.975,0.907085,0
,,106470,Port:10,0,0,0,Enabled,0.181968,-0.955801,-0.219013,0.0732524,-22.5075,127.468,-231.999,0.90159,0
,,106486,Port:10,0,0,0,Enabled,0.181672,-0.956398,-0.216535,0.0735501,-22.4842,127.452,-231.991,0.914624,0
,,106494,Port:10,0,0,0,Enabled,0.181475,-0.956566,-0.21597,0.0735271,-22.4773,127.435,-231.988,0.918213,0
,,,,,,,,,,,,,,,,
,ToolInfo,Frame#,PortHandle,Face#,timespec_s,timespec_ns,TransformStatus,Q0,Qx,Qy,Qz,Tx,Ty,Tz,Error,#Markers
,,111318,Port:10,0,0,0,Enabled,0.50025,0.0754498,-0.594965,0.624559,-42.153,-136.758,-170.096,0.361639,0
,,111326,Port:10,0,0,0,Enabled,0.500194,0.0753776,-0.594959,0.624619,-42.1393,-136.77,-170.093,0.362666,0
,,111334,Port:10,0,0,0,Enabled,0.500275,0.0754412,-0.594925,0.624579,-42.1609,-136.775,-170.107,0.362538,0
,,111350,Port:10,0,0,0,Enabled,0.500295,0.0754584,-0.594949,0.624537,-42.1691,-136.77,-170.13,0.3616,0
,,111374,Port:10,0,0,0,Enabled,0.500324,0.0754701,-0.594893,0.624566,-42.1642,-136.768,-170.085,0.358087,0
,,111382,Port:10,0,0,0,Enabled,0.500302,0.0754451,-0.594906,0.624574,-42.1667,-136.781,-170.103,0.358266,0
,,111406,Port:10,0,0,0,Enabled,0.500333,0.0754968,-0.594887,0.624562,-42.1666,-136.778,-170.101,0.358579,0
,,111414,Port:10,0,0,0,Enabled,0.500296,0.0754899,-0.594908,0.624572,-42.1529,-136.788,-170.106,0.360101,0
,,111430,Port:10,0,0,0,Enabled,0.500399,0.0755691,-0.594857,0.624529,-42.1691,-136.796,-170.111,0.361282,0
,,111446,Port:10,0,0,0,Enabled,0.500302,0.0754634,-0.594932,0.624547,-42.1521,-136.785,-170.118,0.35897,0
,,,,,,,,,,,,,,,,
,ToolInfo,Frame#,PortHandle,Face#,timespec_s,timespec_ns,TransformStatus,Q0,Qx,Qy,Qz,Tx,Ty,Tz,Error,#Markers
,,148134,Port:10,0,0,0,Enabled,0.143487,-0.803918,-0.346661,-0.461469,13.6591,90.005,-253.175,0.871368,0
,,148142,Port:10,0,0,0,Enabled,0.143104,-0.803625,-0.347047,-0.461809,13.7478,90.002,-253.201,0.872447,0
,,148150,Port:10,0,0,0,Enabled,0.143034,-0.803713,-0.347019,-0.461698,13.7276,89.96,-253.241,0.872713,0
,,148166,Port:10,0,0,0,Enabled,0.143474,-0.804003,-0.34651,-0.461438,13.6811,89.9768,-253.184,0.868255,0
,,148182,Port:10,0,0,0,Enabled,0.143095,-0.803749,-0.346923,-0.461688,13.7155,89.9575,-253.256,0.876212,0
,,148198,Port:10,0,0,0,Enabled,0.143355,-0.803827,-0.346719,-0.461626,13.6919,89.9896,-253.165,0.873274,0
,,148214,Port:10,0,0,0,Enabled,0.143118,-0.803789,-0.346799,-0.461705,13.7472,89.9494,-253.244,0.874268,0
,,148230,Port:10,0,0,0,Enabled,0.143507,-0.803916,-0.346471,-0.461609,13.7089,90.0053,-253.185,0.871437,0
,,148246,Port:10,0,0,0,Enabled,0.143168,-0.803739,-0.346834,-0.461749,13.7683,89.978,-253.24,0.875074,0
,,148262,Port:10,0,0,0,Enabled,0.143433,-0.803881,-0.346651,-0.461556,13.6811,89.9986,-253.18,0.869914,0
,,,,,,,,,,,,,,,,
,ToolInfo,Frame#,PortHandle,Face#,timespec_s,timespec_ns,TransformStatus,Q0,Qx,Qy,Qz,Tx,Ty,Tz,Error,#Markers
,,152614,Port:10,0,0,0,Enabled,0.492038,-0.492665,-0.688848,0.201663,-108.597,-144.125,-253.408,0.464236,0
,,152622,Port:10,0,0,0,Enabled,0.492014,-0.492489,-0.689017,0.201575,-108.579,-144.162,-253.44,0.46546,0
,,152630,Port:10,0,0,0,Enabled,0.491814,-0.492859,-0.688766,0.202016,-108.567,-144.214,-253.447,0.466292,0
,,152646,Port:10,0,0,0,Enabled,0.491995,-0.49252,-0.689013,0.201558,-108.571,-144.139,-253.412,0.464824,0
,,152662,Port:10,0,0,0,Enabled,0.491826,-0.492693,-0.688928,0.201841,-108.561,-144.224,-253.471,0.462652,0
,,152678,Port:10,0,0,0,Enabled,0.492226,-0.491909,-0.689454,0.200977,-108.595,-144.125,-253.431,0.457917,0
,,152694,Port:10,0,0,0,Enabled,0.491812,-0.492532,-0.689134,0.20156,-108.509,-144.185,-253.487,0.459003,0
,,152710,Port:10,0,0,0,Enabled,0.492127,-0.492292,-0.68919,0.201189,-108.566,-144.083,-253.423,0.458989,0
,,152726,Port:10,0,0,0,Enabled,0.491847,-0.492931,-0.688656,0.202136,-108.592,-144.221,-253.438,0.463135,0
,,152742,Port:10,0,0,0,Enabled,0.492108,-0.492269,-0.689176,0.201339,-108.586,-144.127,-253.433,0.459821,0
,,,,,,,,,,,,,,,,
,ToolInfo,Frame#,PortHandle,Face#,timespec_s,timespec_ns,TransformStatus,Q0,Qx,Qy,Qz,Tx,Ty,Tz,Error,#Markers
,,175270,Port:10,0,0,0,Enabled,0.565626,-0.711885,-0.412698,0.0544703,-43.0803,85.3066,-233.22,0.461983,0
,,175286,Port:10,0,0,0,Enabled,0.5656,-0.711904,-0.412714,0.0543612,-43.0403,85.2977,-233.16,0.458535,0
,,175294,Port:10,0,0,0,Enabled,0.565539,-0.711863,-0.412861,0.0544187,-43.049,85.2634,-233.141,0.462855,0
,,175310,Port:10,0,0,0,Enabled,0.565556,-0.711849,-0.412863,0.0544146,-43.0717,85.2721,-233.169,0.461792,0
,,175326,Port:10,0,0,0,Enabled,0.56554,-0.711828,-0.412938,0.0542826,-43.0448,85.2741,-233.151,0.465495,0
,,175342,Port:10,0,0,0,Enabled,0.565535,-0.711839,-0.412919,0.054344,-43.0612,85.2655,-233.147,0.46557,0
,,175358,Port:10,0,0,0,Enabled,0.565516,-0.711812,-0.413008,0.0542258,-43.0462,85.2592,-233.142,0.466596,0
,,175374,Port:10,0,0,0,Enabled,0.565577,-0.711853,-0.412843,0.0543058,-43.0521,85.2881,-233.169,0.460904,0
,,175390,Port:10,0,0,0,Enabled,0.565555,-0.711828,-0.412929,0.0541984,-43.0343,85.2746,-233.132,0.461775,0
,,175406,Port:10,0,0,0,Enabled,0.565608,-0.711795,-0.412903,0.0542804,-43.0609,85.2948,-233.173,0.463408,0
,,,,,,,,,,,,,,,,
,ToolInfo,Frame#,PortHandle,Face#,timespec_s,timespec_ns,TransformStatus,Q0,Qx,Qy,Qz,Tx,Ty,Tz,Error,#Markers
,,199806,Port:10,0,0,0,Enabled,0.463467,-0.114333,-0.464059,0.746174,-1.9417,68.6487,-320.003,0.366142,0
,,199814,Port:10,0,0,0,Enabled,0.463386,-0.114193,-0.464412,0.746026,-1.93173,68.8158,-319.927,0.366935,0
,,199822,Port:10,0,0,0,Enabled,0.462843,-0.114704,-0.46455,0.746199,-1.79927,68.8325,-319.971,0.372534,0
,,199838,Port:10,0,0,0,Enabled,0.463391,-0.114365,-0.463959,0.746279,-1.97965,68.6345,-319.988,0.368951,0
,,199854,Port:10,0,0,0,Enabled,0.462875,-0.114627,-0.464429,0.746267,-1.86226,68.8151,-319.964,0.37347,0
,,199870,Port:10,0,0,0,Enabled,0.463093,-0.114544,-0.463749,0.746566,-2.00794,68.5823,-319.947,0.373833,0
,,199886,Port:10,0,0,0,Enabled,0.462617,-0.114776,-0.464441,0.746396,-1.85127,68.828,-319.967,0.377168,0
,,199902,Port:10,0,0,0,Enabled,0.46322,-0.114354,-0.463884,0.746433,-2.01927,68.6458,-319.978,0.372094,0
,,199918,Port:10,0,0,0,Enabled,0.463,-0.114499,-0.464484,0.746174,-1.85477,68.8308,-320.008,0.371829,0
,,199934,Port:10,0,0,0,Enabled,0.463129,-0.114486,-0.463755,0.746549,-2.01728,68.5867,-319.994,0.372488,0
,,,,,,,,,,,,,,,,
,ToolInfo,Frame#,PortHandle,Face#,timespec_s,timespec_ns,TransformStatus,Q0,Qx,Qy,Qz,Tx,Ty,Tz,Error,#Markers
,,204622,Port:10,0,0,0,Enabled,0.680263,0.303189,0.169281,0.645494,-31.4798,82.8275,-101.798,0.0900837,0
,,204630,Port:10,0,0,0,Enabled,0.680261,0.303188,0.169286,0.645496,-31.481,82.8294,-101.798,0.0900924,0
,,204646,Port:10,0,0,0,Enabled,0.680252,0.303172,0.169262,0.645519,-31.4782,82.8278,-101.798,0.0901284,0
,,204662,Port:10,0,0,0,Enabled,0.68029,0.303171,0.169309,0.645467,-31.481,82.8263,-101.796,0.0902633,0
,,204678,Port:10,0,0,0,Enabled,0.680303,0.303167,0.169304,0.645456,-31.4797,82.8265,-101.796,0.0902439,0
,,204694,Port:10,0,0,0,Enabled,0.680311,0.303157,0.169331,0.645446,-31.4814,82.8252,-101.797,0.0901794,0
,,204710,Port:10,0,0,0,Enabled,0.680306,0.303169,0.169292,0.645456,-31.4791,82.8269,-101.797,0.0902261,0
,,204726,Port:10,0,0,0,Enabled,0.680285,0.303177,0.169309,0.645469,-31.4811,82.8276,-101.798,0.0902947,0
,,204742,Port:10,0,0,0,Enabled,0.680296,0.303179,0.169289,0.645463,-31.4795,82.828,-101.797,0.0902753,0
,,204758,Port:10,0,0,0,Enabled,0.68028,0.303194,0.169299,0.645469,-31.4829,82.8312,-101.798,0.0903583,0
,,,,,,,,,,,,,,,,
,ToolInfo,Frame#,PortHandle,Face#,timespec_s,timespec_ns,TransformStatus,Q0,Qx,Qy,Qz,Tx,Ty,Tz,Error,#Markers
,,214254,Port:10,0,0,0,Enabled,0.212173,-0.431076,-0.863793,-0.151716,3.41166,-30.3277,-204.84,0.288937,0
,,214262,Port:10,0,0,0,Enabled,0.212213,-0.431161,-0.863749,-0.151669,3.40128,-30.3302,-204.846,0.289051,0
,,214270,Port:10,0,0,0,Enabled,0.212208,-0.431191,-0.863726,-0.151721,3.41313,-30.3213,-204.841,0.28888,0
,,214286,Port:10,0,0,0,Enabled,0.212272,-0.431244,-0.863689,-0.151692,3.40446,-30.317,-204.848,0.288401,0
,,214302,Port:10,0,0,0,Enabled,0.212243,-0.431246,-0.863699,-0.151674,3.40568,-30.3211,-204.835,0.288661,0
,,214318,Port:10,0,0,0,Enabled,0.212232,-0.431156,-0.863741,-0.151707,3.40426,-30.3201,-204.834,0.288906,0
,,214334,Port:10,0,0,0,Enabled,0.2122,-0.431228,-0.863711,-0.151717,3.42072,-30.3198,-204.842,0.287098,0
,,214350,Port:10,0,0,0,Enabled,0.212092,-0.430997,-0.86384,-0.15179,3.43544,-30.3212,-204.833,0.28989,0
,,214366,Port:10,0,0,0,Enabled,0.212055,-0.430811,-0.863934,-0.151831,3.43271,-30.3248,-204.835,0.290956,0
,,214382,Port:10,0,0,0,Enabled,0.212091,-0.430774,-0.863946,-0.151819,3.42355,-30.3263,-204.834,0.291172,0
,,,,,,,,,,,,,,,,
,ToolInfo,Frame#,PortHandle,Face#,timespec_s,timespec_ns,TransformStatus,Q0,Qx,Qy,Qz,Tx,Ty,Tz,Error,#Markers
,,220350,Port:10,0,0,0,Enabled,0.237394,-0.383358,-0.686828,0.570042,-81.1767,-21.8651,-201.52,0.150163,0
,,220358,Port:10,0,0,0,Enabled,0.237343,-0.383383,-0.686824,0.570052,-81.1787,-21.8724,-201.524,0.15024,0
,,220366,Port:10,0,0,0,Enabled,0.237352,-0.383407,-0.686817,0.57004,-81.1743,-21.8716,-201.526,0.150613,0
,,220382,Port:10,0,0,0,Enabled,0.237407,-0.383331,-0.686829,0.570054,-81.1865,-21.8709,-201.521,0.151156,0
,,220398,Port:10,0,0,0,Enabled,0.237268,-0.383449,-0.686807,0.57006,-81.1617,-21.8767,-201.514,0.150428,0
,,220414,Port:10,0,0,0,Enabled,0.237365,-0.38334,-0.686828,0.570066,-81.1796,-21.8778,-201.521,0.149976,0
,,220430,Port:10,0,0,0,Enabled,0.237201,-0.383487,-0.686778,0.570097,-81.1562,-21.8855,-201.513,0.148832,0
,,220446,Port:10,0,0,0,Enabled,0.23731,-0.383384,-0.686806,0.570086,-81.1895,-21.8745,-201.529,0.151054,0
,,220462,Port:10,0,0,0,Enabled,0.237287,-0.383397,-0.68682,0.57007,-81.1837,-21.8844,-201.541,0.152025,0
,,220478,Port:10,0,0,0,Enabled,0.237297,-0.383437,-0.686809,0.570053,-81.1827,-21.8776,-201.534,0.152612,0
,,,,,,,,,,,,,,,,
,ToolInfo,Frame#,PortHandle,Face#,timespec_s,timespec_ns,TransformStatus,Q0,Qx,Qy,Qz,Tx,Ty,Tz,Error,#Markers
,,229830,Port:10,0,0,0,Enabled,0.091519,0.78213,0.564594,0.247246,-97.4972,8.36072,-128.257,0.113369,0
,,229846,Port:10,0,0,0,Enabled,0.0915083,0.782126,0.564593,0.247265,-97.498,8.3626,-128.265,0.112916,0
,,229854,Port:10,0,0,0,Enabled,0.0915232,0.78213,0.564591,0.247252,-97.4968,8.35833,-128.263,0.112926,0
,,229862,Port:10,0,0,0,Enabled,0.091542,0.782106,0.564611,0.247273,-97.4912,8.36183,-128.261,0.113467,0
,,229878,Port:10,0,0,0,Enabled,0.0915195,0.782078,0.564655,0.24727,-97.499,8.36531,-128.268,0.113052,0
,,229894,Port:10,0,0,0,Enabled,0.0915139,0.782149,0.564553,0.247282,-97.4931,8.36521,-128.264,0.113058,0
,,229910,Port:10,0,0,0,Enabled,0.0914937,0.782101,0.564625,0.247278,-97.5009,8.36763,-128.269,0.112689,0
,,229926,Port:10,0,0,0,Enabled,0.091518,0.782103,0.564612,0.247292,-97.4951,8.37045,-128.27,0.112906,0
,,229942,Port:10,0,0,0,Enabled,0.0914527,0.782132,0.564588,0.247277,-97.5033,8.37055,-128.265,0.11226,0
,,229958,Port:10,0,0,0,Enabled,0.0914721,0.782147,0.56456,0.247287,-97.4975,8.37097,-128.263,0.112535,0
,,,,,,,,,,,,,,,,
,ToolInfo,Frame#,PortHandle,Face#,timespec_s,timespec_ns,TransformStatus,Q0,Qx,Qy,Qz,Tx,Ty,Tz,Error,#Markers
,,234190,Port:10,0,0,0,Enabled,0.596612,0.716006,0.197093,0.30421,5.75329,70.5559,-277.089,0.157176,0
,,234198,Port:10,0,0,0,Enabled,0.596663,0.715983,0.197304,0.304027,5.73177,70.5643,-277.078,0.153544,0
,,234206,Port:10,0,0,0,Enabled,0.596641,0.716004,0.197398,0.30396,5.69823,70.5668,-277.051,0.151932,0
,,234222,Port:10,0,0,0,Enabled,0.596732,0.715906,0.197235,0.304119,5.78316,70.5486,-277.167,0.155431,0
,,234238,Port:10,0,0,0,Enabled,0.596697,0.715953,0.197476,0.303918,5.7176,70.5768,-277.088,0.155577,0
,,234254,Port:10,0,0,0,Enabled,0.596794,0.71586,0.197325,0.304046,5.78363,70.5382,-277.188,0.158075,0
,,234270,Port:10,0,0,0,Enabled,0.596734,0.715916,0.197522,0.303905,5.73407,70.5708,-277.134,0.156016,0
,,234286,Port:10,0,0,0,Enabled,0.596828,0.71585,0.197266,0.304043,5.79332,70.5176,-277.19,0.158493,0
,,234302,Port:10,0,0,0,Enabled,0.596713,0.715939,0.197451,0.303937,5.73407,70.5705,-277.089,0.155964,0
,,234318,Port:10,0,0,0,Enabled,0.596807,0.715869,0.197177,0.304097,5.78835,70.5064,-277.183,0.156845,0
,,,,,,,,,,,,,,,,
,ToolInfo,Frame#,PortHandle,Face#,timespec_s,timespec_ns,TransformStatus,Q0,Qx,Qy,Qz,Tx,Ty,Tz,Error,#Markers
,,241806,Port:10,0,0,0,Enabled,0.103634,-0.838071,-0.507707,-0.170677,33.6435,-44.2632,-294.475,0.210786,0
,,241814,Port:10,0,0,0,Enabled,0.103518,-0.838198,-0.507481,-0.170799,33.7108,-44.2839,-294.49,0.208942,0
,,241830,Port:10,0,0,0,Enabled,0.103641,-0.838257,-0.507278,-0.171038,33.7645,-44.2298,-294.494,0.205303,0
,,241846,Port:10,0,0,0,Enabled,0.103291,-0.837714,-0.508267,-0.170971,33.7321,-44.2823,-294.493,0.212395,0
,,241862,Port:10,0,0,0,Enabled,0.103719,-0.837979,-0.507682,-0.171152,33.7408,-44.1904,-294.476,0.213833,0
,,241878,Port:10,0,0,0,Enabled,0.103567,-0.837855,-0.50799,-0.170933,33.6893,-44.2318,-294.458,0.212456,0
,,241886,Port:10,0,0,0,Enabled,0.10353,-0.8379,-0.507799,-0.171305,33.7844,-44.1995,-294.453,0.21426,0
,,241910,Port:10,0,0,0,Enabled,0.103673,-0.837744,-0.508102,-0.171086,33.7057,-44.1879,-294.454,0.216414,0
,,241918,Port:10,0,0,0,Enabled,0.103656,-0.837908,-0.507755,-0.171321,33.7778,-44.1666,-294.471,0.213174,0
,,241942,Port:10,0,0,0,Enabled,0.103634,-0.837578,-0.508469,-0.170828,33.626,-44.2093,-294.484,0.214285,0
,,,,,,,,,,,,,,,,
,ToolInfo,Frame#,PortHandle,Face#,timespec_s,timespec_ns,TransformStatus,Q0,Qx,Qy,Qz,Tx,Ty,Tz,Error,#Markers
,,287470,Port:10,0,0,0,Enabled,0.790855,0.0552581,-0.292064,0.534972,-27.932,88.681,-172.367,0.166723,0
,,287478,Port:10,0,0,0,Enabled,0.790987,0.0553275,-0.292074,0.534762,-27.9326,88.6787,-172.367,0.16804,0
,,287486,Port:10,0,0,0,Enabled,0.79099,0.0552827,-0.29201,0.534799,-27.9388,88.6686,-172.362,0.168034,0
,,287494,Port:10,0,0,0,Enabled,0.790996,0.0553538,-0.292057,0.534756,-27.9353,88.6824,-172.355,0.168198,0
,,287510,Port:10,0,0,0,Enabled,0.790908,0.0551661,-0.29203,0.534921,-27.9242,88.6649,-172.369,0.167149,0
,,287526,Port:10,0,0,0,Enabled,0.790956,0.055257,-0.292093,0.534807,-27.9213,88.676,-172.362,0.16771,0
,,287542,Port:10,0,0,0,Enabled,0.791006,0.0553169,-0.292111,0.534716,-27.9188,88.6821,-172.36,0.168259,0
,,287558,Port:10,0,0,0,Enabled,0.790867,0.0553333,-0.292243,0.534848,-27.9053,88.7067,-172.35,0.167393,0
,,287574,Port:10,0,0,0,Enabled,0.790927,0.0552717,-0.292127,0.534828,-27.9127,88.6807,-172.361,0.167512,0
,,287590,Port:10,0,0,0,Enabled,0.791113,0.0553733,-0.292236,0.534483,-27.8968,88.6966,-172.36,0.169158,0
,,,,,,,,,,,,,,,,
,ToolInfo,Frame#,PortHandle,Face#,timespec_s,timespec_ns,TransformStatus,Q0,Qx,Qy,Qz,Tx,Ty,Tz,Error,#Markers
,,292974,Port:10,0,0,0,Enabled,0.493604,0.598946,0.144171,0.613868,3.20086,151.048,-190.097,0.0802148,0
,,292982,Port:10,0,0,0,Enabled,0.493625,0.598913,0.144219,0.613871,3.19288,151.02,-190.085,0.0809777,0
,,292990,Port:10,0,0,0,Enabled,0.493577,0.598941,0.144127,0.613905,3.2025,151.041,-190.095,0.0802466,0
,,293006,Port:10,0,0,0,Enabled,0.493579,0.598925,0.144166,0.613909,3.19486,151.045,-190.1,0.0799736,0
,,293022,Port:10,0,0,0,Enabled,0.493634,0.598944,0.144167,0.613846,3.21282,151.068,-190.092,0.081005,0
,,293038,Port:10,0,0,0,Enabled,0.493673,0.59889,0.144287,0.61384,3.19529,151.029,-190.09,0.0807161,0
,,293054,Port:10,0,0,0,Enabled,0.49368,0.598897,0.144307,0.613822,3.19514,151.026,-190.083,0.0801323,0
,,293070,Port:10,0,0,0,Enabled,0.49363,0.598879,0.144233,0.613897,3.19173,151.005,-190.089,0.0778218,0
,,293086,Port:10,0,0,0,Enabled,0.493614,0.598904,0.144207,0.613892,3.19961,151.015,-190.094,0.0774075,0
,,293102,Port:10,0,0,0,Enabled,0.493626,0.59892,0.144243,0.613859,3.1945,151.025,-190.089,0.0803666,0
,,,,,,,,,,,,,,,,
,ToolInfo,Frame#,PortHandle,Face#,timespec_s,timespec_ns,TransformStatus,Q0,Qx,Qy,Qz,Tx,Ty,Tz,Error,#Markers
,,300862,Port:10,0,0,0,Enabled,0.152375,-0.526408,-0.469233,-0.692457,21.2308,-132.717,-126.732,0.265876,0
,,300870,Port:10,0,0,0,Enabled,0.152381,-0.526423,-0.469209,-0.692462,21.2301,-132.709,-126.73,0.266267,0
,,300886,Port:10,0,0,0,Enabled,0.152338,-0.52641,-0.469287,-0.692427,21.2281,-132.726,-126.734,0.265915,0
,,300902,Port:10,0,0,0,Enabled,0.1523,-0.52639,-0.469277,-0.692457,21.2297,-132.72,-126.727,0.265725,0
,,300918,Port:10,0,0,0,Enabled,0.152356,-0.526428,-0.469246,-0.692438,21.2277,-132.724,-126.736,0.266283,0
,,300934,Port:10,0,0,0,Enabled,0.152321,-0.526445,-0.469277,-0.692411,21.2253,-132.729,-126.731,0.266428,0
,,300950,Port:10,0,0,0,Enabled,0.152226,-0.52636,-0.469336,-0.692457,21.2261,-132.725,-126.732,0.264861,0
,,300966,Port:10,0,0,0,Enabled,0.152311,-0.526446,-0.469301,-0.692396,21.2226,-132.738,-126.737,0.266096,0
,,300982,Port:10,0,0,0,Enabled,0.152201,-0.526331,-0.469334,-0.692486,21.2286,-132.712,-126.721,0.263984,0
,,300998,Port:10,0,0,0,Enabled,0.152204,-0.526363,-0.46934,-0.692457,21.2221,-132.718,-126.728,0.263799,0
,,,,,,,,,,,,,,,,
,ToolInfo,Frame#,PortHandle,Face#,timespec_s,timespec_ns,TransformStatus,Q0,Qx,Qy,Qz,Tx,Ty,Tz,Error,#Markers
,,325694,Port:10,0,0,0,Enabled,0.0628493,-0.803471,-0.577997,-0.12808,28.8574,-132.579,-225.305,0.292987,0
,,325710,Port:10,0,0,0,Enabled,0.0629925,-0.803686,-0.577699,-0.128004,28.8447,-132.571,-225.309,0.294517,0
,,325718,Port:10,0,0,0,Enabled,0.0628727,-0.803439,-0.578046,-0.128049,28.8381,-132.576,-225.291,0.290972,0
,,325734,Port:10,0,0,0,Enabled,0.06292,-0.803865,-0.577491,-0.127851,28.8451,-132.605,-225.304,0.295079,0
,,325750,Port:10,0,0,0,Enabled,0.0630716,-0.803922,-0.577427,-0.127711,28.7912,-132.592,-225.291,0.29374,0
,,325766,Port:10,0,0,0,Enabled,0.0627702,-0.803358,-0.578166,-0.128067,28.8672,-132.577,-225.297,0.295036,0
,,325782,Port:10,0,0,0,Enabled,0.0630403,-0.803991,-0.577336,-0.1277,28.8112,-132.59,-225.301,0.298563,0
,,325806,Port:10,0,0,0,Enabled,0.0632516,-0.804386,-0.576791,-0.127572,28.7934,-132.575,-225.291,0.300661,0
,,325814,Port:10,0,0,0,Enabled,0.0629811,-0.80382,-0.577559,-0.1278,28.8231,-132.582,-225.301,0.297022,0
,,325830,Port:10,0,0,0,Enabled,0.0631064,-0.804071,-0.577215,-0.127718,28.8121,-132.581,-225.307,0.297876,0
,,,,,,,,,,,,,,,,
,ToolInfo,Frame#,PortHandle,Face#,timespec_s,timespec_ns,TransformStatus,Q0,Qx,Qy,Qz,Tx,Ty,Tz,Error,#Markers
,,342126,Port:10,0,0,0,Enabled,0.113376,0.837862,0.512816,0.148837,5.5334,32.7891,-286.827,0.437674,0
,,342142,Port:10,0,0,0,Enabled,0.11358,0.837772,0.512825,0.149161,5.61196,32.792,-286.8,0.440821,0
,,342150,Port:10,0,0,0,Enabled,0.113685,0.83776,0.512865,0.149008,5.60459,32.7517,-286.799,0.438656,0
,,342166,Port:10,0,0,0,Enabled,0.113475,0.837744,0.512881,0.1492,5.60218,32.8171,-286.799,0.44303,0
,,342182,Port:10,0,0,0,Enabled,0.113729,0.837708,0.512913,0.149105,5.62589,32.7537,-286.788,0.441907,0
,,342198,Port:10,0,0,0,Enabled,0.113345,0.837836,0.512732,0.149299,5.60054,32.8442,-286.813,0.446089,0
,,342214,Port:10,0,0,0,Enabled,0.113399,0.83783,0.512804,0.149043,5.58644,32.8005,-286.814,0.441856,0
,,342230,Port:10,0,0,0,Enabled,0.1135,0.838002,0.512367,0.149503,5.67807,32.811,-286.797,0.446253,0
,,342246,Port:10,0,0,0,Enabled,0.113383,0.838293,0.511964,0.14934,5.63102,32.7977,-286.782,0.444547,0
,,342262,Port:10,0,0,0,Enabled,0.11337,0.838311,0.511842,0.149665,5.71588,32.834,-286.783,0.448393,0
,,,,,,,,,,,,,,,,
,ToolInfo,Frame#,PortHandle,Face#,timespec_s,timespec_ns,TransformStatus,Q0,Qx,Qy,Qz,Tx,Ty,Tz,Error,#Markers
,,346294,Port:10,0,0,0,Enabled,0.048376,0.687054,0.60609,0.397834,-73.3457,-66.5003,-128.59,0.0714633,0
,,346302,Port:10,0,0,0,Enabled,0.0483185,0.687122,0.606011,0.397843,-73.3504,-66.496,-128.597,0.0709289,0
,,346318,Port:10,0,0,0,Enabled,0.048352,0.687074,0.606081,0.397816,-73.3512,-66.5108,-128.602,0.0706846,0
,,346326,Port:10,0,0,0,Enabled,0.0483333,0.6871,0.606048,0.397824,-73.3484,-66.5071,-128.597,0.0704633,0
,,346342,Port:10,0,0,0,Enabled,0.0483111,0.687117,0.606042,0.397807,-73.3541,-66.5131,-128.606,0.0701496,0
,,346358,Port:10,0,0,0,Enabled,0.0483258,0.687095,0.606062,0.397813,-73.3518,-66.5123,-128.606,0.0701521,0
,,346374,Port:10,0,0,0,Enabled,0.0483379,0.687073,0.606098,0.397794,-73.356,-66.5161,-128.608,0.0704452,0
,,346390,Port:10,0,0,0,Enabled,0.0484041,0.687024,0.606138,0.397811,-73.3496,-66.5143,-128.606,0.0709563,0
,,346406,Port:10,0,0,0,Enabled,0.0484157,0.687024,0.606138,0.397807,-73.3488,-66.51,-128.6,0.071449,0
,,346422,Port:10,0,0,0,Enabled,0.0484069,0.687003,0.606169,0.397799,-73.3565,-66.5168,-128.614,0.0710804,0
,,,,,,,,,,,,,,,,
,ToolInfo,Frame#,PortHandle,Face#,timespec_s,timespec_ns,TransformStatus,Q0,Qx,Qy,Qz,Tx,Ty,Tz,Error,#Markers
,,355894,Port:10,0,0,0,Enabled,0.36419,0.749238,0.551122,-0.047674,-14.7057,189.592,-313.372,0.435106,0
,,355902,Port:10,0,0,0,Enabled,0.363859,0.74895,0.551715,-0.0478696,-14.7878,189.605,-313.145,0.436631,0
,,355910,Port:10,0,0,0,Enabled,0.363812,0.749135,0.551522,-0.0475603,-14.7535,189.663,-313.13,0.435374,0
,,355918,Port:10,0,0,0,Enabled,0.364099,0.749283,0.551152,-0.0473046,-14.5928,189.693,-313.303,0.431972,0
,,355934,Port:10,0,0,0,Enabled,0.364012,0.748855,0.551738,-0.0479375,-14.7193,189.5,-313.093,0.427456,0
,,355958,Port:10,0,0,0,Enabled,0.364361,0.749073,0.551229,-0.0477231,-14.6079,189.488,-313.294,0.429459,0
,,355966,Port:10,0,0,0,Enabled,0.364171,0.748922,0.551553,-0.0477891,-14.6945,189.478,-313.139,0.436513,0
,,355990,Port:10,0,0,0,Enabled,0.364516,0.749121,0.551061,-0.0477305,-14.6391,189.435,-313.355,0.431901,0
,,355998,Port:10,0,0,0,Enabled,0.364367,0.749042,0.551265,-0.0477464,-14.7003,189.469,-313.316,0.434599,0
,,356014,Port:10,0,0,0,Enabled,0.36426,0.74904,0.551353,-0.0475787,-14.6249,189.6,-313.388,0.439405,0
,,,,,,,,,,,,,,,,
,ToolInfo,Frame#,PortHandle,Face#,timespec_s,timespec_ns,TransformStatus,Q0,Qx,Qy,Qz,Tx,Ty,Tz,Error,#Markers
,,360910,Port:10,0,0,0,Enabled,0.496976,0.786369,0.131981,0.342374,32.4205,42.5432,-164.791,0.131754,0
,,360926,Port:10,0,0,0,Enabled,0.496977,0.786365,0.132011,0.342371,32.422,42.5451,-164.79,0.131296,0
,,360934,Port:10,0,0,0,Enabled,0.496955,0.786381,0.131961,0.342384,32.4199,42.5469,-164.791,0.131629,0
,,360950,Port:10,0,0,0,Enabled,0.496972,0.786376,0.132018,0.342351,32.4173,42.548,-164.793,0.131248,0
,,360966,Port:10,0,0,0,Enabled,0.49697,0.786382,0.132033,0.342332,32.4198,42.5529,-164.791,0.131002,0
,,360982,Port:10,0,0,0,Enabled,0.496978,0.786379,0.132047,0.342324,32.4182,42.5516,-164.787,0.130905,0
,,360998,Port:10,0,0,0,Enabled,0.496966,0.786382,0.132013,0.342346,32.4234,42.554,-164.791,0.131178,0
,,361014,Port:10,0,0,0,Enabled,0.496982,0.786365,0.132012,0.342364,32.4257,42.5482,-164.788,0.131513,0
,,361030,Port:10,0,0,0,Enabled,0.496995,0.786364,0.132065,0.342326,32.427,42.5529,-164.787,0.131091,0
,,361046,Port:10,0,0,0,Enabled,0.496992,0.78636,0.132006,0.342361,32.4278,42.5479,-164.786,0.131464,0
,,,,,,,,,,,,,,,,
,ToolInfo,Frame#,PortHandle,Face#,timespec_s,timespec_ns,TransformStatus,Q0,Qx,Qy,Qz,Tx,Ty,Tz,Error,#Markers
,,364966,Port:10,0,0,0,Enabled,0.0667697,0.579285,0.80805,0.0838301,-108.223,-6.85188,-133.061,0.0816494,0
,,364974,Port:10,0,0,0,Enabled,0.0667623,0.579261,0.808068,0.0838233,-108.222,-6.85123,-133.057,0.0816639,0
,,364982,Port:10,0,0,0,Enabled,0.0667574,0.579258,0.808071,0.0838213,-108.223,-6.84918,-133.054,0.081782,0
,,364998,Port:10,0,0,0,Enabled,0.0667925,0.579251,0.808076,0.0837977,-108.22,-6.85751,-133.058,0.0814798,0
,,365014,Port:10,0,0,0,Enabled,0.0667747,0.579353,0.808003,0.0838098,-108.22,-6.85359,-133.057,0.0810119,0
,,365030,Port:10,0,0,0,Enabled,0.0667855,0.57935,0.808003,0.0838156,-108.22,-6.8558,-133.065,0.0810959,0
,,365046,Port:10,0,0,0,Enabled,0.0667639,0.579437,0.807944,0.0838058,-108.222,-6.85362,-133.058,0.0804856,0
,,365070,Port:10,0,0,0,Enabled,0.066778,0.579496,0.807898,0.0838186,-108.22,-6.85777,-133.06,0.0804723,0
,,365078,Port:10,0,0,0,Enabled,0.0667967,0.579499,0.807894,0.0838271,-108.217,-6.85553,-133.062,0.0804857,0
,,365094,Port:10,0,0,0,Enabled,0.0668136,0.579372,0.807984,0.0838235,-108.217,-6.85912,-133.062,0.0811146,0
,,,,,,,,,,,,,,,,
,ToolInfo,Frame#,PortHandle,Face#,timespec_s,timespec_ns,TransformStatus,Q0,Qx,Qy,Qz,Tx,Ty,Tz,Error,#Markers
,,382486,Port:10,0,0,0,Enabled,0.034147,0.889803,0.454676,0.0188371,-23.0005,27.1605,-205.028,0.465885,0
,,382494,Port:10,0,0,0,Enabled,0.0340793,0.889933,0.454424,0.0188727,-23.0039,27.169,-205.034,0.465856,0
,,382502,Port:10,0,0,0,Enabled,0.0341346,0.88993,0.454427,0.0188807,-23.0022,27.1645,-205.036,0.466198,0
,,382518,Port:10,0,0,0,Enabled,0.0340607,0.889993,0.454307,0.0188901,-23.0115,27.1711,-205.041,0.467986,0
,,382534,Port:10,0,0,0,Enabled,0.0340083,0.890043,0.454216,0.0188382,-23.0185,27.1746,-205.048,0.467314,0
,,382558,Port:10,0,0,0,Enabled,0.0340005,0.889973,0.454352,0.0188734,-23.016,27.1808,-205.041,0.469951,0
,,382566,Port:10,0,0,0,Enabled,0.0340219,0.889975,0.454345,0.0188949,-23.0055,27.1731,-205.034,0.470393,0
,,382590,Port:10,0,0,0,Enabled,0.0341011,0.88975,0.454781,0.0188403,-23.0063,27.1584,-205.036,0.469982,0
,,382598,Port:10,0,0,0,Enabled,0.0341335,0.889794,0.454694,0.0188212,-23.0019,27.1608,-205.038,0.467589,0
,,382614,Port:10,0,0,0,Enabled,0.0341068,0.889868,0.45455,0.0188691,-23.0026,27.1617,-205.045,0.468534,0
,,,,,,,,,,,,,,,,
,ToolInfo,Frame#,PortHandle,Face#,timespec_s,timespec_ns,TransformStatus,Q0,Qx,Qy,Qz,Tx,Ty,Tz,Error,#Markers
,,387230,Port:10,0,0,0,Enabled,0.734216,0.407397,-0.0573766,0.540057,-6.88605,17.0943,-294.175,0.126443,0
,,387238,Port:10,0,0,0,Enabled,0.73419,0.407363,-0.0573902,0.540117,-6.88263,17.0843,-294.167,0.125008,0
,,387246,Port:10,0,0,0,Enabled,0.734142,0.40738,-0.0574218,0.540166,-6.8842,17.0981,-294.17,0.125611,0
,,387262,Port:10,0,0,0,Enabled,0.734007,0.407345,-0.0575548,0.540362,-6.88084,17.0922,-294.18,0.128855,0
,,387278,Port:10,0,0,0,Enabled,0.733889,0.407312,-0.0577014,0.540532,-6.86734,17.1017,-294.168,0.130973,0
,,387294,Port:10,0,0,0,Enabled,0.733937,0.407276,-0.0577032,0.540493,-6.85982,17.1015,-294.174,0.129709,0
,,387310,Port:10,0,0,0,Enabled,0.733979,0.407257,-0.0576507,0.540456,-6.85193,17.0877,-294.17,0.128578,0
,,387326,Port:10,0,0,0,Enabled,0.733969,0.407336,-0.0574806,0.540429,-6.90274,17.0837,-294.145,0.127841,0
,,387342,Port:10,0,0,0,Enabled,0.733902,0.407314,-0.0576217,0.540521,-6.88077,17.0936,-294.105,0.128805,0
,,387358,Port:10,0,0,0,Enabled,0.734056,0.4074,-0.0574664,0.540263,-6.8934,17.1048,-294.101,0.127152,0
