#Tools,,,,,,,,,,,,,,,,,,,,,,,,,,,,,,,,,,,,,,,,,,,,,,,,,,,,,,,,,,,,,,,,,,,,,,,,,,,,,,,,,,,,
,ToolInfo,Frame#,PortHandle,Face#,timespec_s,timespec_ns,TransformStatus,Q0,Qx,Qy,Qz,Tx,Ty,Tz,Error,#Markers,Marker0.Status,Tx,Ty,Tz,Marker1.Status,Tx,Ty,Tz,Marker2.Status,Tx,Ty,Tz,Marker3.Status,Tx,Ty,Tz,ToolInfo,Frame#,PortHandle,Face#,timespec_s,timespec_ns,TransformStatus,Q0,Qx,Qy,Qz,Tx,Ty,Tz,Error,#Markers,Marker0.Status,Tx,Ty,Tz,Marker1.Status,Tx,Ty,Tz,Marker2.Status,Tx,Ty,Tz,ToolInfo,Frame#,PortHandle,Face#,timespec_s,timespec_ns,TransformStatus,Q0,Qx,Qy,Qz,Tx,Ty,Tz,Error,#Markers,Marker0.Status,Tx,Ty,Tz,Marker1.Status,Tx,Ty,Tz
,,1701059044,Port:1,0,1732418184,68794733,Enabled,0.237625,0.692491,-0.201653,0.650636,-133.812,4.75931,-1610.9,0.320167,4,OK,-133.675,4.76579,-1611.13,OK,-117.853,-42.593,-1610.38,OK,-62.8219,-47.035,-1614.67,OK,-75.1716,16.3301,-1615.32,,1701059044,Port:2,0,1732418184,68794733,Enabled,0.931524,0.00806725,0.0280828,0.362503,-136.145,-196.712,-1585.15,0.103638,3,OK,-136.057,-196.72,-1585.16,OK,-177.748,-226.457,-1582.57,OK,-178.845,-150.019,-1582.91,,1701059044,Port:65535,0,1732418184,68794733,Missing,,,,,,,,,2,PossiblePhantom,-465.172,-300.886,-1993.47,PossiblePhantom,-515.696,-306.641,-2207.56
,,1701059047,Port:1,0,1732418184,118794733,Enabled,0.23758,0.692593,-0.201623,0.650553,-133.816,4.7568,-1610.87,0.312391,4,OK,-133.674,4.75907,-1611.09,OK,-117.852,-42.5945,-1610.38,OK,-62.8273,-47.021,-1614.64,OK,-75.1756,16.3301,-1615.32,,1701059047,Port:2,0,1732418184,118794733,Enabled,0.931527,0.00772539,0.0279402,0.362516,-136.139,-196.705,-1585.13,0.103647,3,OK,-136.053,-196.712,-1585.14,OK,-177.743,-226.452,-1582.56,OK,-178.841,-150.012,-1582.94,,1701059047,Port:65535,0,1732418184,118794733,Missing,,,,,,,,,2,PossiblePhantom,-465.183,-300.892,-1993.49,PossiblePhantom,-515.688,-306.649,-2207.59
,,1701059050,Port:1,0,1732418184,168794733,Enabled,0.237453,0.692441,-0.201728,0.650729,-133.816,4.75233,-1610.91,0.306737,4,OK,-133.674,4.75435,-1611.12,OK,-117.845,-42.5928,-1610.42,OK,-62.8235,-47.0298,-1614.65,OK,-75.1788,16.3314,-1615.33,,1701059050,Port:2,0,1732418184,168794733,Enabled,0.931478,0.00775231,0.0286839,0.362583,-136.146,-196.707,-1585.17,0.102836,3,OK,-136.058,-196.716,-1585.18,OK,-177.739,-226.457,-1582.52,OK,-178.854,-150.021,-1582.94,,1701059050,Port:65535,0,1732418184,168794733,Missing,,,,,,,,,2,PossiblePhantom,-465.22,-300.916,-1993.62,PossiblePhantom,-515.681,-306.671,-2207.56
,,1701059053,Port:1,0,1732418184,218794733,Enabled,0.237695,0.692653,-0.201511,0.650482,-133.813,4.7587,-1610.86,0.311072,4,OK,-133.669,4.76154,-1611.08,OK,-117.851,-42.594,-1610.36,OK,-62.8243,-47.0248,-1614.64,OK,-75.1757,16.3359,-1615.33,,1701059053,Port:2,0,1732418184,218794733,Enabled,0.931518,0.00809886,0.0280637,0.362519,-136.14,-196.703,-1585.14,0.106988,3,OK,-136.055,-196.707,-1585.15,OK,-177.742,-226.459,-1582.56,OK,-178.839,-150.006,-1582.9,,1701059053,Port:65535,0,1732418184,218794733,Missing,,,,,,,,,2,PossiblePhantom,-465.214,-300.888,-1993.59,PossiblePhantom,-515.684,-306.639,-2207.53
,,1701059056,Port:1,0,1732418184,268794733,Enabled,0.237703,0.692414,-0.201471,0.650746,-133.814,4.75417,-1610.88,0.316901,4,OK,-133.672,4.75731,-1611.1,OK,-117.85,-42.5956,-1610.35,OK,-62.8159,-47.0227,-1614.6,OK,-75.1735,16.3302,-1615.3,,1701059056,Port:2,0,1732418184,268794733,Enabled,0.93151,0.00751762,0.0281626,0.362546,-136.14,-196.709,-1585.13,0.102967,3,OK,-136.053,-196.715,-1585.14,OK,-177.741,-226.457,-1582.53,OK,-178.845,-150.021,-1582.96,,1701059056,Port:65535,0,1732418184,268794733,Missing,,,,,,,,,2,PossiblePhantom,-465.202,-300.893,-1993.56,PossiblePhantom,-515.691,-306.649,-2207.56
,,1701059059,Port:1,0,1732418184,318794733,Enabled,0.2374,0.692551,-0.201831,0.650599,-133.815,4.75301,-1610.87,0.31385,4,OK,-133.673,4.75478,-1611.09,OK,-117.851,-42.5996,-1610.39,OK,-62.8293,-47.0294,-1614.65,OK,-75.172,16.3295,-1615.29,,1701059059,Port:2,0,1732418184,318794733,Enabled,0.931499,0.00787035,0.0285269,0.362539,-136.145,-196.709,-1585.17,0.103761,3,OK,-136.059,-196.72,-1585.18,OK,-177.74,-226.457,-1582.54,OK,-178.849,-150.016,-1582.94,,1701059059,Port:65535,0,1732418184,318794733,Missing,,,,,,,,,2,PossiblePhantom,-465.18,-300.887,-1993.48,PossiblePhantom,-515.685,-306.642,-2207.55
,,1701059062,Port:1,0,1732418184,368794733,Enabled,0.237588,0.692522,-0.201601,0.650632,-133.814,4.76052,-1610.87,0.313646,4,OK,-133.676,4.76458,-1611.09,OK,-117.845,-42.5834,-1610.37,OK,-62.8193,-47.0213,-1614.63,OK,-75.178,16.3321,-1615.3,,1701059062,Port:2,0,1732418184,368794733,Enabled,0.931507,0.00793817,0.0285468,0.362514,-136.145,-196.707,-1585.17,0.102941,3,OK,-136.057,-196.714,-1585.18,OK,-177.745,-226.452,-1582.54,OK,-178.845,-150.016,-1582.93,,1701059062,Port:65535,0,1732418184,368794733,Missing,,,,,,,,,2,PossiblePhantom,-465.148,-300.878,-1993.4,PossiblePhantom,-515.658,-306.633,-2207.46
,,1701059065,Port:1,0,1732418184,418794733,Enabled,0.237776,0.692389,-0.201421,0.650761,-133.813,4.7613,-1610.92,0.321725,4,OK,-133.675,4.76287,-1611.15,OK,-117.845,-42.5871,-1610.36,OK,-62.8201,-47.0272,-1614.64,OK,-75.1714,16.3436,-1615.33,,1701059065,Port:2,0,1732418184,418794733,Enabled,0.931507,0.00783282,0.0283034,0.362535,-136.142,-196.707,-1585.15,0.103657,3,OK,-136.05,-196.716,-1585.16,OK,-177.744,-226.452,-1582.54,OK,-178.847,-150.019,-1582.93,,1701059065,Port:65535,0,1732418184,418794733,Missing,,,,,,,,,2,PossiblePhantom,-465.194,-300.908,-1993.55,PossiblePhantom,-515.707,-306.666,-2207.66
,,1701059068,Port:1,0,1732418184,468794734,Enabled,0.237381,0.692695,-0.201845,0.650448,-133.812,4.75969,-1610.83,0.320553,4,OK,-133.663,4.75644,-1611.06,OK,-117.855,-42.5878,-1610.36,OK,-62.8244,-47.0226,-1614.65,OK,-75.1739,16.3361,-1615.27,,1701059068,Port:2,0,1732418184,468794734,Enabled,0.931524,0.00762864,0.0279782,0.362523,-136.138,-196.71,-1585.12,0.101985,3,OK,-136.052,-196.717,-1585.13,OK,-177.74,-226.454,-1582.54,OK,-178.841,-150.019,-1582.94,,1701059068,Port:65535,0,1732418184,468794734,Missing,,,,,,,,,2,PossiblePhantom,-465.172,-300.889,-1993.49,PossiblePhantom,-515.701,-306.646,-2207.64
,,1701059071,Port:1,0,1732418184,518794734,Enabled,0.237989,0.69257,-0.201189,0.650562,-133.813,4.76144,-1610.88,0.31165,4,OK,-133.672,4.76319,-1611.1,OK,-117.84,-42.5835,-1610.34,OK,-62.8241,-47.0206,-1614.62,OK,-75.1783,16.3336,-1615.36,,1701059071,Port:2,0,1732418184,518794734,Enabled,0.931514,0.00802159,0.0282924,0.362514,-136.14,-196.708,-1585.15,0.103298,3,OK,-136.057,-196.714,-1585.15,OK,-177.739,-226.457,-1582.54,OK,-178.839,-150.014,-1582.9,,1701059071,Port:65535,0,1732418184,518794734,Missing,,,,,,,,,2,PossiblePhantom,-465.163,-300.888,-1993.46,PossiblePhantom,-515.677,-306.643,-2207.54
,,,,,,,,,,,,,,,,,,,,,,,,,,,,,,,,,,,,,,,,,,,,,,,,,,,,,,,,,,,,,,,,,,,,,,,,,,,,,,,,,,,,
,ToolInfo,Frame#,PortHandle,Face#,timespec_s,timespec_ns,TransformStatus,Q0,Qx,Qy,Qz,Tx,Ty,Tz,Error,#Markers,Marker0.Status,Tx,Ty,Tz,Marker1.Status,Tx,Ty,Tz,Marker2.Status,Tx,Ty,Tz,Marker3.Status,Tx,Ty,Tz,ToolInfo,Frame#,PortHandle,Face#,timespec_s,timespec_ns,TransformStatus,Q0,Qx,Qy,Qz,Tx,Ty,Tz,Error,#Markers,Marker0.Status,Tx,Ty,Tz,Marker1.Status,Tx,Ty,Tz,Marker2.Status,Tx,Ty,Tz,ToolInfo,Frame#,PortHandle,Face#,timespec_s,timespec_ns,TransformStatus,Q0,Qx,Qy,Qz,Tx,Ty,Tz,Error,#Markers,Marker0.Status,Tx,Ty,Tz,Marker1.Status,Tx,Ty,Tz
,,1701060607,Port:1,0,1732418210,118794729,Enabled,0.106962,0.747274,-0.0949873,0.648937,-42.6884,85.1093,-1588.98,0.301923,4,OK,-42.5664,85.1661,-1589.15,OK,-11.9982,45.8871,-1593.26,OK,40.8881,60.5212,-1600.98,OK,8.25926,115.965,-1595.96,,1701060607,Port:2,0,1732418210,118794729,Enabled,0.931522,0.00767198,0.0281333,0.362515,-136.138,-196.701,-1585.13,0.103511,3,OK,-136.052,-196.709,-1585.14,OK,-177.739,-226.447,-1582.53,OK,-178.841,-150.006,-1582.94,,1701060607,Port:65535,0,1732418210,118794729,Missing,,,,,,,,,2,PossiblePhantom,-465.208,-300.901,-1993.55,PossiblePhantom,-515.704,-306.657,-2207.59
,,1701060610,Port:1,0,1732418210,168794729,Enabled,0.107081,0.747159,-0.0948193,0.649074,-42.6943,85.1052,-1588.99,0.314611,4,OK,-42.5706,85.1564,-1589.19,OK,-11.9989,45.8874,-1593.22,OK,40.8837,60.5202,-1600.99,OK,8.25524,115.966,-1595.95,,1701060610,Port:2,0,1732418210,168794729,Enabled,0.931507,0.00772534,0.0279969,0.362563,-136.142,-196.7,-1585.14,0.104577,3,OK,-136.053,-196.709,-1585.15,OK,-177.743,-226.45,-1582.56,OK,-178.851,-150.011,-1582.95,,1701060610,Port:65535,0,1732418210,168794729,Missing,,,,,,,,,2,PossiblePhantom,-465.199,-300.887,-1993.56,PossiblePhantom,-515.689,-306.641,-2207.6
,,1701060613,Port:1,0,1732418210,218794729,Enabled,0.107026,0.747413,-0.0948731,0.648783,-42.6831,85.104,-1588.95,0.317082,4,OK,-42.563,85.1532,-1589.15,OK,-11.9965,45.8914,-1593.21,OK,40.8903,60.5251,-1601.01,OK,8.26533,115.958,-1595.94,,1701060613,Port:2,0,1732418210,218794729,Enabled,0.931515,0.00765792,0.0279395,0.362548,-136.143,-196.702,-1585.14,0.105983,3,OK,-136.052,-196.708,-1585.15,OK,-177.747,-226.453,-1582.56,OK,-178.85,-150.011,-1582.96,,1701060613,Port:65535,0,1732418210,218794729,Missing,,,,,,,,,2,PossiblePhantom,-465.159,-300.85,-1993.37,PossiblePhantom,-515.666,-306.602,-2207.45
,,1701060616,Port:1,0,1732418210,268794729,Enabled,0.106873,0.747544,-0.0950031,0.648637,-42.6828,85.1049,-1588.93,0.306023,4,OK,-42.5664,85.1615,-1589.11,OK,-11.9939,45.8892,-1593.23,OK,40.8939,60.5225,-1601.02,OK,8.25609,115.968,-1595.93,,1701060616,Port:2,0,1732418210,268794729,Enabled,0.931521,0.00767697,0.0278031,0.362543,-136.139,-196.698,-1585.11,0.101671,3,OK,-136.05,-196.702,-1585.12,OK,-177.745,-226.444,-1582.55,OK,-178.844,-150.014,-1582.93,,1701060616,Port:65535,0,1732418210,268794729,Missing,,,,,,,,,2,PossiblePhantom,-465.184,-300.898,-1993.54,PossiblePhantom,-515.687,-306.652,-2207.52
,,1701060619,Port:1,0,1732418210,318794729,Enabled,0.107054,0.747317,-0.0948004,0.648899,-42.6853,85.1061,-1588.95,0.321369,4,OK,-42.5683,85.1545,-1589.16,OK,-11.9913,45.888,-1593.18,OK,40.8905,60.5275,-1601,OK,8.26575,115.975,-1595.92,,1701060619,Port:2,0,1732418210,318794729,Enabled,0.931519,0.0077983,0.0282316,0.362511,-136.138,-196.698,-1585.15,0.10442,3,OK,-136.052,-196.704,-1585.15,OK,-177.74,-226.446,-1582.54,OK,-178.839,-150.004,-1582.93,,1701060619,Port:65535,0,1732418210,318794729,Missing,,,,,,,,,2,PossiblePhantom,-465.186,-300.876,-1993.51,PossiblePhantom,-515.661,-306.626,-2207.45
,,1701060622,Port:1,0,1732418210,368794729,Enabled,0.106972,0.747341,-0.0949093,0.648868,-42.6827,85.1058,-1588.99,0.318827,4,OK,-42.5623,85.1548,-1589.2,OK,-11.9891,45.8909,-1593.22,OK,40.8922,60.5196,-1601.04,OK,8.26339,115.975,-1595.95,,1701060622,Port:2,0,1732418210,368794729,Enabled,0.931536,0.0078825,0.0278784,0.362494,-136.143,-196.7,-1585.13,0.104309,3,OK,-136.052,-196.708,-1585.14,OK,-177.751,-226.442,-1582.56,OK,-178.845,-150.007,-1582.92,,1701060622,Port:65535,0,1732418210,368794729,Missing,,,,,,,,,2,PossiblePhantom,-465.164,-300.901,-1993.48,PossiblePhantom,-515.677,-306.656,-2207.56
,,1701060625,Port:1,0,1732418210,418794729,Enabled,0.10707,0.747299,-0.0947758,0.64892,-42.6874,85.1055,-1588.98,0.307125,4,OK,-42.5669,85.1595,-1589.16,OK,-11.9899,45.885,-1593.23,OK,40.8872,60.5291,-1600.99,OK,8.25928,115.97,-1595.97,,1701060625,Port:2,0,1732418210,418794729,Enabled,0.931503,0.00754593,0.0277291,0.362596,-136.138,-196.702,-1585.13,0.102771,3,OK,-136.05,-196.708,-1585.13,OK,-177.738,-226.454,-1582.57,OK,-178.849,-150.018,-1582.97,,1701060625,Port:65535,0,1732418210,418794729,Missing,,,,,,,,,2,PossiblePhantom,-465.189,-300.889,-1993.53,PossiblePhantom,-515.684,-306.643,-2207.56
,,1701060628,Port:1,0,1732418210,468794732,Enabled,0.107172,0.747354,-0.0947123,0.648849,-42.6792,85.1118,-1588.96,0.308732,4,OK,-42.5615,85.1601,-1589.15,OK,-11.9904,45.893,-1593.2,OK,40.9008,60.5236,-1600.99,OK,8.26733,115.98,-1595.96,,1701060628,Port:2,0,1732418210,468794732,Enabled,0.931512,0.00788801,0.0285366,0.362504,-136.143,-196.703,-1585.16,0.102966,3,OK,-136.056,-196.715,-1585.17,OK,-177.74,-226.444,-1582.53,OK,-178.845,-150.008,-1582.92,,1701060628,Port:65535,0,1732418210,468794732,Missing,,,,,,,,,2,PossiblePhantom,-465.181,-300.881,-1993.54,PossiblePhantom,-515.685,-306.634,-2207.57
,,1701060631,Port:1,0,1732418210,518794732,Enabled,0.107054,0.74737,-0.0948434,0.648832,-42.6834,85.115,-1588.96,0.320225,4,OK,-42.5644,85.1683,-1589.17,OK,-11.9912,45.8994,-1593.19,OK,40.8933,60.5285,-1601.02,OK,8.26043,115.975,-1595.93,,1701060631,Port:2,0,1732418210,518794732,Enabled,0.931523,0.00796289,0.0283532,0.362487,-136.146,-196.705,-1585.16,0.107862,3,OK,-136.056,-196.712,-1585.17,OK,-177.75,-226.453,-1582.55,OK,-178.845,-150.005,-1582.92,,1701060631,Port:65535,0,1732418210,518794732,Missing,,,,,,,,,2,PossiblePhantom,-465.197,-300.896,-1993.54,PossiblePhantom,-515.694,-306.649,-2207.54
,,1701060634,Port:1,0,1732418210,568794732,Enabled,0.10712,0.747565,-0.0947591,0.648609,-42.6778,85.1155,-1588.94,0.317512,4,OK,-42.5667,85.1667,-1589.15,OK,-11.99,45.8999,-1593.2,OK,40.8971,60.5319,-1601.05,OK,8.26659,115.976,-1595.96,,1701060634,Port:2,0,1732418210,568794732,Enabled,0.93152,0.00771018,0.027823,0.362542,-136.139,-196.695,-1585.12,0.103883,3,OK,-136.052,-196.7,-1585.13,OK,-177.742,-226.445,-1582.56,OK,-178.844,-150.005,-1582.94,,1701060634,Port:65535,0,1732418210,568794732,Missing,,,,,,,,,2,PossiblePhantom,-465.193,-300.876,-1993.56,PossiblePhantom,-515.67,-306.627,-2207.53
,,,,,,,,,,,,,,,,,,,,,,,,,,,,,,,,,,,,,,,,,,,,,,,,,,,,,,,,,,,,,,,,,,,,,,,,,,,,,,,,,,,,
,ToolInfo,Frame#,PortHandle,Face#,timespec_s,timespec_ns,TransformStatus,Q0,Qx,Qy,Qz,Tx,Ty,Tz,Error,#Markers,Marker0.Status,Tx,Ty,Tz,Marker1.Status,Tx,Ty,Tz,Marker2.Status,Tx,Ty,Tz,Marker3.Status,Tx,Ty,Tz,ToolInfo,Frame#,PortHandle,Face#,timespec_s,timespec_ns,TransformStatus,Q0,Qx,Qy,Qz,Tx,Ty,Tz,Error,#Markers,Marker0.Status,Tx,Ty,Tz,Marker1.Status,Tx,Ty,Tz,Marker2.Status,Tx,Ty,Tz,ToolInfo,Frame#,PortHandle,Face#,timespec_s,timespec_ns,TransformStatus,Q0,Qx,Qy,Qz,Tx,Ty,Tz,Error,#Markers,Marker0.Status,Tx,Ty,Tz,Marker1.Status,Tx,Ty,Tz
,,1701062770,Port:1,0,1732418246,168794732,Enabled,0.255238,0.702403,-0.27549,0.60464,-165.594,61.1062,-1574.27,0.320089,4,OK,-165.465,61.1176,-1574.5,OK,-156.654,12.1556,-1578.95,OK,-103.071,0.496759,-1586.65,OK,-106.127,64.7246,-1580.85,,1701062770,Port:2,0,1732418246,168794732,Enabled,0.931519,0.00775278,0.0280689,0.362525,-136.136,-196.691,-1585.11,0.103636,3,OK,-136.048,-196.697,-1585.12,OK,-177.739,-226.439,-1582.52,OK,-178.839,-150,-1582.91,,1701062770,Port:65535,0,1732418246,168794732,Missing,,,,,,,,,2,PossiblePhantom,-465.172,-300.882,-1993.43,PossiblePhantom,-515.695,-306.638,-2207.58
,,1701062773,Port:1,0,1732418246,218794732,Enabled,0.255922,0.702506,-0.274776,0.604555,-165.59,61.1112,-1574.29,0.32594,4,OK,-165.457,61.115,-1574.53,OK,-156.64,12.1631,-1578.88,OK,-103.073,0.497888,-1586.63,OK,-106.135,64.7221,-1580.93,,1701062773,Port:2,0,1732418246,218794732,Enabled,0.931513,0.00767963,0.0277975,0.362562,-136.135,-196.694,-1585.13,0.105987,3,OK,-136.045,-196.698,-1585.13,OK,-177.739,-226.447,-1582.56,OK,-178.842,-150.004,-1582.95,,1701062773,Port:65535,0,1732418246,218794732,Missing,,,,,,,,,2,PossiblePhantom,-465.199,-300.893,-1993.57,PossiblePhantom,-515.701,-306.648,-2207.6
,,1701062776,Port:1,0,1732418246,268794732,Enabled,0.255591,0.70241,-0.275151,0.604636,-165.595,61.1108,-1574.3,0.327034,4,OK,-165.465,61.1209,-1574.55,OK,-156.65,12.1594,-1578.92,OK,-103.077,0.495462,-1586.66,OK,-106.134,64.7223,-1580.9,,1701062776,Port:2,0,1732418246,268794732,Enabled,0.931519,0.00769654,0.0276736,0.362556,-136.136,-196.693,-1585.11,0.103935,3,OK,-136.049,-196.699,-1585.12,OK,-177.739,-226.444,-1582.56,OK,-178.843,-150.004,-1582.94,,1701062776,Port:65535,0,1732418246,268794732,Missing,,,,,,,,,2,PossiblePhantom,-465.197,-300.888,-1993.54,PossiblePhantom,-515.697,-306.643,-2207.56
,,1701062779,Port:1,0,1732418246,318794732,Enabled,0.255735,0.702213,-0.274977,0.604884,-165.598,61.1139,-1574.3,0.318236,4,OK,-165.46,61.1182,-1574.53,OK,-156.647,12.159,-1578.9,OK,-103.076,0.499712,-1586.57,OK,-106.136,64.73,-1580.88,,1701062779,Port:2,0,1732418246,318794732,Enabled,0.931513,0.00776313,0.0283715,0.362516,-136.139,-196.696,-1585.17,0.105803,3,OK,-136.053,-196.704,-1585.17,OK,-177.738,-226.445,-1582.55,OK,-178.841,-149.998,-1582.95,,1701062779,Port:65535,0,1732418246,318794732,Missing,,,,,,,,,2,PossiblePhantom,-465.196,-300.891,-1993.55,PossiblePhantom,-515.708,-306.648,-2207.66
,,1701062782,Port:1,0,1732418246,368794732,Enabled,0.255671,0.702519,-0.275011,0.60454,-165.589,61.1169,-1574.24,0.319624,4,OK,-165.452,61.1219,-1574.48,OK,-156.644,12.1645,-1578.88,OK,-103.072,0.51292,-1586.6,OK,-106.131,64.7338,-1580.88,,1701062782,Port:2,0,1732418246,368794732,Enabled,0.931496,0.00766824,0.0284928,0.362553,-136.138,-196.692,-1585.15,0.10115,3,OK,-136.051,-196.701,-1585.15,OK,-177.734,-226.436,-1582.52,OK,-178.844,-150.005,-1582.94,,1701062782,Port:65535,0,1732418246,368794732,Missing,,,,,,,,,2,PossiblePhantom,-465.177,-300.87,-1993.49,PossiblePhantom,-515.667,-306.62,-2207.46
,,1701062785,Port:1,0,1732418246,418794732,Enabled,0.255566,0.702397,-0.275159,0.604658,-165.591,61.1115,-1574.27,0.318886,4,OK,-165.46,61.1227,-1574.51,OK,-156.641,12.1601,-1578.91,OK,-103.073,0.497652,-1586.62,OK,-106.133,64.7244,-1580.88,,1701062785,Port:2,0,1732418246,418794732,Enabled,0.931509,0.00763608,0.0283904,0.362529,-136.141,-196.694,-1585.15,0.105312,3,OK,-136.05,-196.705,-1585.16,OK,-177.74,-226.44,-1582.53,OK,-178.847,-150.001,-1582.95,,1701062785,Port:65535,0,1732418246,418794732,Missing,,,,,,,,,2,PossiblePhantom,-465.155,-300.881,-1993.42,PossiblePhantom,-515.644,-306.634,-2207.42
,,1701062788,Port:1,0,1732418246,468794728,Enabled,0.255164,0.702329,-0.275561,0.604724,-165.592,61.1058,-1574.28,0.330071,4,OK,-165.464,61.1145,-1574.53,OK,-156.645,12.1607,-1578.94,OK,-103.07,0.498506,-1586.66,OK,-106.126,64.7208,-1580.83,,1701062788,Port:2,0,1732418246,468794728,Enabled,0.931499,0.00785447,0.0287931,0.362518,-136.141,-196.695,-1585.16,0.10324,3,OK,-136.054,-196.705,-1585.17,OK,-177.737,-226.439,-1582.51,OK,-178.842,-150.002,-1582.92,,1701062788,Port:65535,0,1732418246,468794728,Missing,,,,,,,,,2,PossiblePhantom,-465.177,-300.87,-1993.48,PossiblePhantom,-515.664,-306.621,-2207.44
,,1701062791,Port:1,0,1732418246,518794728,Enabled,0.255709,0.702491,-0.274986,0.604568,-165.594,61.1026,-1574.29,0.321286,4,OK,-165.458,61.1087,-1574.53,OK,-156.65,12.1524,-1578.92,OK,-103.072,0.491113,-1586.64,OK,-106.137,64.7195,-1580.92,,1701062791,Port:2,0,1732418246,518794728,Enabled,0.931505,0.00744435,0.0277999,0.362589,-136.136,-196.688,-1585.08,0.101661,3,OK,-136.05,-196.691,-1585.09,OK,-177.736,-226.44,-1582.51,OK,-178.844,-150.005,-1582.93,,1701062791,Port:65535,0,1732418246,518794728,Missing,,,,,,,,,2,PossiblePhantom,-465.189,-300.875,-1993.49,PossiblePhantom,-515.697,-306.628,-2207.54
,,1701062794,Port:1,0,1732418246,568794729,Enabled,0.255523,0.702502,-0.275168,0.604551,-165.595,61.112,-1574.26,0.326148,4,OK,-165.462,61.1213,-1574.51,OK,-156.646,12.1644,-1578.9,OK,-103.076,0.501123,-1586.64,OK,-106.14,64.7296,-1580.87,,1701062794,Port:2,0,1732418246,568794729,Enabled,0.931503,0.00771063,0.0280463,0.362569,-136.141,-196.687,-1585.12,0.104163,3,OK,-136.049,-196.695,-1585.13,OK,-177.742,-226.435,-1582.54,OK,-178.85,-150.001,-1582.93,,1701062794,Port:65535,0,1732418246,568794729,Missing,,,,,,,,,2,PossiblePhantom,-465.193,-300.886,-1993.52,PossiblePhantom,-515.673,-306.639,-2207.5
,,1701062797,Port:1,0,1732418246,618794728,Enabled,0.255438,0.702515,-0.27528,0.604521,-165.596,61.1083,-1574.27,0.331738,4,OK,-165.461,61.1178,-1574.53,OK,-156.651,12.1599,-1578.92,OK,-103.08,0.502573,-1586.67,OK,-106.14,64.7201,-1580.88,,1701062797,Port:2,0,1732418246,618794728,Enabled,0.931503,0.00770552,0.0284603,0.362536,-136.139,-196.694,-1585.16,0.10602,3,OK,-136.049,-196.703,-1585.16,OK,-177.739,-226.443,-1582.53,OK,-178.844,-150.001,-1582.95,,1701062797,Port:65535,0,1732418246,618794728,Missing,,,,,,,,,2,PossiblePhantom,-465.18,-300.897,-1993.5,PossiblePhantom,-515.713,-306.655,-2207.66
,,,,,,,,,,,,,,,,,,,,,,,,,,,,,,,,,,,,,,,,,,,,,,,,,,,,,,,,,,,,,,,,,,,,,,,,,,,,,,,,,,,,
,ToolInfo,Frame#,PortHandle,Face#,timespec_s,timespec_ns,TransformStatus,Q0,Qx,Qy,Qz,Tx,Ty,Tz,Error,#Markers,Marker0.Status,Tx,Ty,Tz,Marker1.Status,Tx,Ty,Tz,Marker2.Status,Tx,Ty,Tz,Marker3.Status,Tx,Ty,Tz,ToolInfo,Frame#,PortHandle,Face#,timespec_s,timespec_ns,TransformStatus,Q0,Qx,Qy,Qz,Tx,Ty,Tz,Error,#Markers,Marker0.Status,Tx,Ty,Tz,Marker1.Status,Tx,Ty,Tz,Marker2.Status,Tx,Ty,Tz,ToolInfo,Frame#,PortHandle,Face#,timespec_s,timespec_ns,TransformStatus,Q0,Qx,Qy,Qz,Tx,Ty,Tz,Error,#Markers,Marker0.Status,Tx,Ty,Tz,Marker1.Status,Tx,Ty,Tz
,,1701063127,Port:1,0,1732418252,118794733,Enabled,0.33871,0.665591,-0.32668,0.579261,-173.709,175.522,-1604.55,0.297936,4,OK,-173.582,175.495,-1604.75,OK,-175.062,125.592,-1606.32,OK,-125.121,102.738,-1613.48,OK,-114.885,166.474,-1611.65,,1701063127,Port:2,0,1732418252,118794733,Enabled,0.931515,0.00762673,0.0277126,0.362564,-136.136,-196.686,-1585.1,0.103951,3,OK,-136.049,-196.694,-1585.1,OK,-177.738,-226.437,-1582.54,OK,-178.845,-149.997,-1582.93,,1701063127,Port:65535,0,1732418252,118794733,Missing,,,,,,,,,2,PossiblePhantom,-465.181,-300.881,-1993.48,PossiblePhantom,-515.715,-306.638,-2207.62
,,1701063130,Port:1,0,1732418252,168794733,Enabled,0.338676,0.665584,-0.326709,0.579273,-173.712,175.521,-1604.57,0.291585,4,OK,-173.579,175.494,-1604.76,OK,-175.058,125.591,-1606.35,OK,-125.128,102.738,-1613.49,OK,-114.894,166.476,-1611.67,,1701063130,Port:2,0,1732418252,168794733,Enabled,0.931518,0.00768568,0.0280224,0.362533,-136.137,-196.692,-1585.12,0.10609,3,OK,-136.048,-196.701,-1585.13,OK,-177.739,-226.441,-1582.53,OK,-178.842,-149.997,-1582.93,,1701063130,Port:65535,0,1732418252,168794733,Missing,,,,,,,,,2,PossiblePhantom,-465.238,-300.902,-1993.7,PossiblePhantom,-515.702,-306.654,-2207.62
,,1701063133,Port:1,0,1732418252,218794733,Enabled,0.338669,0.665658,-0.326654,0.579224,-173.713,175.515,-1604.56,0.313705,4,OK,-173.578,175.485,-1604.79,OK,-175.052,125.587,-1606.31,OK,-125.124,102.742,-1613.52,OK,-114.9,166.47,-1611.65,,1701063133,Port:2,0,1732418252,218794733,Enabled,0.93152,0.00759074,0.0277556,0.362549,-136.138,-196.694,-1585.13,0.107729,3,OK,-136.05,-196.699,-1585.13,OK,-177.742,-226.449,-1582.56,OK,-178.845,-149.999,-1582.96,,1701063133,Port:65535,0,1732418252,218794733,Missing,,,,,,,,,2,PossiblePhantom,-465.177,-300.893,-1993.49,PossiblePhantom,-515.717,-306.653,-2207.71
,,1701063136,Port:1,0,1732418252,268794733,Enabled,0.338733,0.665796,-0.326631,0.57904,-173.708,175.518,-1604.54,0.313269,4,OK,-173.578,175.489,-1604.76,OK,-175.058,125.59,-1606.29,OK,-125.125,102.737,-1613.53,OK,-114.89,166.475,-1611.65,,1701063136,Port:2,0,1732418252,268794733,Enabled,0.931494,0.00757738,0.0285112,0.362559,-136.139,-196.686,-1585.14,0.102431,3,OK,-136.049,-196.697,-1585.14,OK,-177.736,-226.43,-1582.5,OK,-178.848,-149.999,-1582.94,,1701063136,Port:65535,0,1732418252,268794733,Missing,,,,,,,,,2,PossiblePhantom,-465.174,-300.879,-1993.48,PossiblePhantom,-515.677,-306.633,-2207.54
,,1701063139,Port:1,0,1732418252,318794733,Enabled,0.33869,0.665655,-0.326706,0.579185,-173.712,175.52,-1604.58,0.293797,4,OK,-173.587,175.498,-1604.78,OK,-175.061,125.591,-1606.35,OK,-125.128,102.728,-1613.52,OK,-114.89,166.479,-1611.68,,1701063139,Port:2,0,1732418252,318794733,Enabled,0.931534,0.00731082,0.0276952,0.362525,-136.136,-196.691,-1585.1,0.10196,3,OK,-136.05,-196.697,-1585.1,OK,-177.741,-226.436,-1582.54,OK,-178.84,-150.001,-1582.97,,1701063139,Port:65535,0,1732418252,318794733,Missing,,,,,,,,,2,PossiblePhantom,-465.188,-300.884,-1993.52,PossiblePhantom,-515.672,-306.637,-2207.51
,,1701063142,Port:1,0,1732418252,368794733,Enabled,0.338766,0.665753,-0.326543,0.579121,-173.715,175.513,-1604.58,0.299297,4,OK,-173.576,175.483,-1604.78,OK,-175.06,125.585,-1606.34,OK,-125.124,102.737,-1613.53,OK,-114.905,166.475,-1611.7,,1701063142,Port:2,0,1732418252,368794733,Enabled,0.931506,0.00768379,0.0281254,0.362556,-136.134,-196.692,-1585.13,0.106776,3,OK,-136.04,-196.7,-1585.13,OK,-177.738,-226.441,-1582.53,OK,-178.844,-150.002,-1582.93,,1701063142,Port:65535,0,1732418252,368794733,Missing,,,,,,,,,2,PossiblePhantom,-465.203,-300.883,-1993.59,PossiblePhantom,-515.682,-306.635,-2207.58
,,1701063145,Port:1,0,1732418252,418794733,Enabled,0.338765,0.66577,-0.32658,0.57908,-173.711,175.511,-1604.56,0.294867,4,OK,-173.579,175.482,-1604.76,OK,-175.054,125.585,-1606.33,OK,-125.126,102.729,-1613.51,OK,-114.897,166.47,-1611.69,,1701063145,Port:2,0,1732418252,418794733,Enabled,0.93151,0.00779032,0.0282097,0.362537,-136.136,-196.695,-1585.14,0.104317,3,OK,-136.046,-196.705,-1585.14,OK,-177.737,-226.44,-1582.54,OK,-178.842,-150.003,-1582.93,,1701063145,Port:65535,0,1732418252,418794733,Missing,,,,,,,,,2,PossiblePhantom,-465.174,-300.888,-1993.51,PossiblePhantom,-515.672,-306.643,-2207.56
,,1701063148,Port:1,0,1732418252,468794731,Enabled,0.3384,0.665753,-0.327004,0.579074,-173.701,175.508,-1604.52,0.305212,4,OK,-173.565,175.482,-1604.74,OK,-175.051,125.579,-1606.32,OK,-125.124,102.724,-1613.53,OK,-114.886,166.469,-1611.61,,1701063148,Port:2,0,1732418252,468794731,Enabled,0.931504,0.0077571,0.0280622,0.362563,-136.138,-196.688,-1585.14,0.105697,3,OK,-136.049,-196.694,-1585.14,OK,-177.739,-226.442,-1582.55,OK,-178.844,-149.998,-1582.94,,1701063148,Port:65535,0,1732418252,468794731,Missing,,,,,,,,,2,PossiblePhantom,-465.177,-300.879,-1993.48,PossiblePhantom,-515.689,-306.634,-2207.58
,,1701063151,Port:1,0,1732418252,518794732,Enabled,0.338444,0.665433,-0.326982,0.579428,-173.708,175.508,-1604.56,0.303216,4,OK,-173.587,175.486,-1604.77,OK,-175.055,125.581,-1606.35,OK,-125.119,102.727,-1613.5,OK,-114.881,166.45,-1611.61,,1701063151,Port:2,0,1732418252,518794732,Enabled,0.931511,0.00786081,0.0280089,0.362549,-136.137,-196.691,-1585.13,0.107968,3,OK,-136.045,-196.698,-1585.14,OK,-177.74,-226.444,-1582.55,OK,-178.844,-149.997,-1582.92,,1701063151,Port:65535,0,1732418252,518794732,Missing,,,,,,,,,2,PossiblePhantom,-465.159,-300.887,-1993.46,PossiblePhantom,-515.688,-306.644,-2207.58
,,1701063154,Port:1,0,1732418252,568794731,Enabled,0.338584,0.665617,-0.326773,0.579253,-173.708,175.513,-1604.58,0.319098,4,OK,-173.578,175.487,-1604.82,OK,-175.049,125.585,-1606.32,OK,-125.122,102.733,-1613.56,OK,-114.89,166.47,-1611.64,,1701063154,Port:2,0,1732418252,568794731,Enabled,0.93151,0.00765589,0.0284544,0.36252,-136.138,-196.692,-1585.14,0.102982,3,OK,-136.048,-196.702,-1585.15,OK,-177.738,-226.433,-1582.51,OK,-178.843,-150.001,-1582.93,,1701063154,Port:65535,0,1732418252,568794731,Missing,,,,,,,,,2,PossiblePhantom,-465.143,-300.858,-1993.37,PossiblePhantom,-515.683,-306.614,-2207.59
,,,,,,,,,,,,,,,,,,,,,,,,,,,,,,,,,,,,,,,,,,,,,,,,,,,,,,,,,,,,,,,,,,,,,,,,,,,,,,,,,,,,
,ToolInfo,Frame#,PortHandle,Face#,timespec_s,timespec_ns,TransformStatus,Q0,Qx,Qy,Qz,Tx,Ty,Tz,Error,#Markers,Marker0.Status,Tx,Ty,Tz,Marker1.Status,Tx,Ty,Tz,Marker2.Status,Tx,Ty,Tz,Marker3.Status,Tx,Ty,Tz,ToolInfo,Frame#,PortHandle,Face#,timespec_s,timespec_ns,TransformStatus,Q0,Qx,Qy,Qz,Tx,Ty,Tz,Error,#Markers,Marker0.Status,Tx,Ty,Tz,Marker1.Status,Tx,Ty,Tz,Marker2.Status,Tx,Ty,Tz,ToolInfo,Frame#,PortHandle,Face#,timespec_s,timespec_ns,TransformStatus,Q0,Qx,Qy,Qz,Tx,Ty,Tz,Error,#Markers,Marker0.Status,Tx,Ty,Tz,Marker1.Status,Tx,Ty,Tz
,,1701063607,Port:1,0,1732418260,118794731,Enabled,0.316199,0.688829,-0.348036,0.551728,-156.652,118.584,-1568.27,0.366977,4,OK,-156.548,118.582,-1568.57,OK,-158.439,68.9948,-1574.28,OK,-108.935,46.6931,-1585.35,OK,-98.1447,109.934,-1578.1,,1701063607,Port:2,0,1732418260,118794731,Enabled,0.931536,0.00762085,0.0278744,0.362498,-136.135,-196.692,-1585.11,0.104439,3,OK,-136.047,-196.698,-1585.12,OK,-177.742,-226.437,-1582.54,OK,-178.836,-149.998,-1582.93,,1701063607,Port:65535,0,1732418260,118794731,Missing,,,,,,,,,2,PossiblePhantom,-465.18,-300.887,-1993.51,PossiblePhantom,-515.699,-306.643,-2207.61
,,1701063610,Port:1,0,1732418260,168794731,Enabled,0.315967,0.688651,-0.348318,0.551905,-156.659,118.586,-1568.27,0.370737,4,OK,-156.553,118.579,-1568.58,OK,-158.443,69.0015,-1574.29,OK,-108.944,46.6944,-1585.34,OK,-98.1462,109.933,-1578.05,,1701063610,Port:2,0,1732418260,168794731,Enabled,0.931516,0.00769713,0.0278305,0.362552,-136.139,-196.69,-1585.11,0.106349,3,OK,-136.05,-196.695,-1585.12,OK,-177.744,-226.443,-1582.55,OK,-178.846,-149.998,-1582.93,,1701063610,Port:65535,0,1732418260,168794731,Missing,,,,,,,,,2,PossiblePhantom,-465.178,-300.861,-1993.45,PossiblePhantom,-515.681,-306.612,-2207.47
,,1701063613,Port:1,0,1732418260,218794731,Enabled,0.316235,0.688624,-0.348024,0.551971,-156.655,118.591,-1568.32,0.36697,4,OK,-156.545,118.584,-1568.62,OK,-158.435,69.0004,-1574.31,OK,-108.934,46.6986,-1585.34,OK,-98.1479,109.935,-1578.12,,1701063613,Port:2,0,1732418260,218794731,Enabled,0.931505,0.00779456,0.0283904,0.362534,-136.139,-196.692,-1585.15,0.104891,3,OK,-136.049,-196.702,-1585.16,OK,-177.738,-226.438,-1582.53,OK,-178.844,-149.999,-1582.93,,1701063613,Port:65535,0,1732418260,218794731,Missing,,,,,,,,,2,PossiblePhantom,-465.19,-300.885,-1993.53,PossiblePhantom,-515.697,-306.639,-2207.57
,,1701063616,Port:1,0,1732418260,268794731,Enabled,0.316664,0.6889,-0.34753,0.551692,-156.65,118.587,-1568.3,0.366737,4,OK,-156.544,118.577,-1568.6,OK,-158.433,68.9964,-1574.25,OK,-108.93,46.6941,-1585.32,OK,-98.1501,109.933,-1578.17,,1701063616,Port:2,0,1732418260,268794731,Enabled,0.931506,0.00760455,0.028232,0.36255,-136.135,-196.691,-1585.13,0.10463,3,OK,-136.043,-196.699,-1585.14,OK,-177.737,-226.437,-1582.52,OK,-178.844,-150.002,-1582.94,,1701063616,Port:65535,0,1732418260,268794731,Missing,,,,,,,,,2,PossiblePhantom,-465.193,-300.892,-1993.54,PossiblePhantom,-515.71,-306.649,-2207.66
,,1701063619,Port:1,0,1732418260,318794731,Enabled,0.316178,0.688642,-0.348101,0.551933,-156.656,118.589,-1568.29,0.373011,4,OK,-156.549,118.576,-1568.6,OK,-158.44,69.0058,-1574.28,OK,-108.937,46.6935,-1585.33,OK,-98.1439,109.933,-1578.08,,1701063619,Port:2,0,1732418260,318794731,Enabled,0.931501,0.00758622,0.0284771,0.362542,-136.139,-196.692,-1585.15,0.101006,3,OK,-136.05,-196.699,-1585.15,OK,-177.738,-226.435,-1582.51,OK,-178.843,-150.006,-1582.95,,1701063619,Port:65535,0,1732418260,318794731,Missing,,,,,,,,,2,PossiblePhantom,-465.213,-300.9,-1993.61,PossiblePhantom,-515.698,-306.655,-2207.64
,,1701063622,Port:1,0,1732418260,368794731,Enabled,0.316452,0.688828,-0.347754,0.551762,-156.655,118.59,-1568.29,0.36146,4,OK,-156.538,118.583,-1568.58,OK,-158.439,68.9964,-1574.28,OK,-108.933,46.7023,-1585.32,OK,-98.1586,109.937,-1578.15,,1701063622,Port:2,0,1732418260,368794731,Enabled,0.931515,0.00780251,0.0281688,0.362526,-136.132,-196.694,-1585.13,0.106112,3,OK,-136.043,-196.701,-1585.14,OK,-177.735,-226.443,-1582.53,OK,-178.836,-150,-1582.92,,1701063622,Port:65535,0,1732418260,368794731,Missing,,,,,,,,,2,PossiblePhantom,-465.162,-300.879,-1993.43,PossiblePhantom,-515.678,-306.635,-2207.56
,,1701063625,Port:1,0,1732418260,418794731,Enabled,0.316223,0.688643,-0.34805,0.551938,-156.651,118.596,-1568.3,0.377935,4,OK,-156.544,118.593,-1568.62,OK,-158.428,69.0027,-1574.28,OK,-108.936,46.6994,-1585.34,OK,-98.1421,109.941,-1578.09,,1701063625,Port:2,0,1732418260,418794731,Enabled,0.931503,0.00782322,0.0283825,0.362541,-136.136,-196.689,-1585.15,0.103405,3,OK,-136.046,-196.696,-1585.16,OK,-177.737,-226.435,-1582.53,OK,-178.841,-150.001,-1582.93,,1701063625,Port:65535,0,1732418260,418794731,Missing,,,,,,,,,2,PossiblePhantom,-465.194,-300.858,-1993.53,PossiblePhantom,-515.649,-306.605,-2207.43
,,1701063628,Port:1,0,1732418260,468794731,Enabled,0.316208,0.688846,-0.348057,0.551689,-156.647,118.586,-1568.26,0.368932,4,OK,-156.536,118.581,-1568.57,OK,-158.435,69.0003,-1574.27,OK,-108.934,46.696,-1585.34,OK,-98.149,109.93,-1578.1,,1701063628,Port:2,0,1732418260,468794731,Enabled,0.931513,0.00765503,0.0279922,0.362549,-136.136,-196.692,-1585.13,0.106016,3,OK,-136.046,-196.697,-1585.14,OK,-177.739,-226.444,-1582.55,OK,-178.841,-150.001,-1582.94,,1701063628,Port:65535,0,1732418260,468794731,Missing,,,,,,,,,2,PossiblePhantom,-465.188,-300.887,-1993.5,PossiblePhantom,-515.696,-306.643,-2207.61
,,1701063631,Port:1,0,1732418260,518794728,Enabled,0.31637,0.688889,-0.347841,0.551678,-156.65,118.592,-1568.29,0.369684,4,OK,-156.548,118.585,-1568.6,OK,-158.429,69.0036,-1574.27,OK,-108.936,46.7035,-1585.35,OK,-98.1431,109.939,-1578.14,,1701063631,Port:2,0,1732418260,518794728,Enabled,0.931504,0.00779826,0.0282674,0.362548,-136.137,-196.69,-1585.14,0.105118,3,OK,-136.047,-196.699,-1585.14,OK,-177.736,-226.439,-1582.53,OK,-178.843,-149.998,-1582.92,,1701063631,Port:65535,0,1732418260,518794728,Missing,,,,,,,,,2,PossiblePhantom,-465.182,-300.887,-1993.5,PossiblePhantom,-515.677,-306.641,-2207.55
,,1701063634,Port:1,0,1732418260,568794728,Enabled,0.316342,0.688646,-0.347902,0.551959,-156.655,118.594,-1568.3,0.365412,4,OK,-156.548,118.583,-1568.6,OK,-158.435,69.0002,-1574.28,OK,-108.936,46.7032,-1585.31,OK,-98.1394,109.94,-1578.11,,1701063634,Port:2,0,1732418260,568794728,Enabled,0.931496,0.00752342,0.0280281,0.362591,-136.139,-196.694,-1585.14,0.105904,3,OK,-136.047,-196.7,-1585.14,OK,-177.74,-226.448,-1582.55,OK,-178.851,-150.008,-1582.97,,1701063634,Port:65535,0,1732418260,568794728,Missing,,,,,,,,,2,PossiblePhantom,-465.187,-300.887,-1993.53,PossiblePhantom,-515.698,-306.643,-2207.6
