ToolCount,ToolInfo,Frame#,PortHandle,Face#,timespec_s,timespec_ns,TransformStatus,Q0,Qx,Qy,Qz,Tx,Ty,Tz,Error,#Markers
1,,301966,Port:10,0,0,0,Enabled,0.571909,0.540056,-0.300752,-0.539266,-77.1514,26.7236,-132.912,0.0734891,0
1,,302006,Port:10,0,0,0,Enabled,0.571368,0.54051,-0.300301,-0.539637,-77.2021,26.8229,-133.271,0.070968,0
1,,302038,Port:10,0,0,0,Enabled,0.570881,0.540366,-0.299322,-0.540839,-77.1158,26.9415,-133.544,0.0827549,0
1,,302070,Port:10,0,0,0,Enabled,0.571083,0.540051,-0.29924,-0.540985,-77.0967,26.921,-133.432,0.0870991,0
1,,302110,Port:10,0,0,0,Enabled,0.57161,0.539602,-0.29969,-0.540628,-77.0525,26.9275,-133.012,0.0709111,0
1,,302142,Port:10,0,0,0,Enabled,0.571917,0.539483,-0.300142,-0.540172,-77.1779,27.0068,-133.023,0.071563,0
1,,302174,Port:10,0,0,0,Enabled,0.572357,0.539033,-0.30087,-0.539749,-77.2642,27.2224,-133.264,0.0942418,0
1,,302214,Port:10,0,0,0,Enabled,0.57644,0.529054,-0.302672,-0.544251,-75.467,29.0882,-129.647,0.0477385,0
1,,302246,Port:10,0,0,0,Enabled,0.580091,0.517923,-0.302917,-0.5509,-73.9523,31.5748,-126.255,0.0455045,0
1,,302278,Port:10,0,0,0,Enabled,0.58129,0.514653,-0.302557,-0.552897,-73.2027,32.6001,-124.988,0.0442253,0
1,,302318,Port:10,0,0,0,Enabled,0.583558,0.511248,-0.301467,-0.55426,-71.6364,33.277,-124.104,0.0447416,0
1,,302358,Port:10,0,0,0,Enabled,0.584271,0.499722,-0.305034,-0.562015,-70.8083,36.7631,-120.813,0.0626587,0
1,,302390,Port:10,0,0,0,Enabled,0.586052,0.484377,-0.309573,-0.57104,-69.1827,41.2143,-116.502,0.0807439,0
1,,302422,Port:10,0,0,0,Enabled,0.588107,0.473896,-0.309239,-0.577863,-67.1895,43.9598,-112.937,0.0916202,0
1,,302462,Port:10,0,0,0,Enabled,0.595397,0.458528,-0.309283,-0.582751,-63.8887,46.2702,-109.892,0.0945925,0
1,,302494,Port:10,0,0,0,Enabled,0.602263,0.424115,-0.300742,-0.605772,-56.9875,51.7122,-102.84,0.0856322,0
1,,302526,Port:10,0,0,0,Enabled,0.609358,0.387539,-0.288716,-0.628602,-50.217,57.2783,-95.1564,0.0822318,0
1,,302566,Port:10,0,0,0,Enabled,0.606382,0.350825,-0.280445,-0.656181,-42.6387,64.645,-87.929,0.0870789,0
1,,302598,Port:10,0,0,0,Enabled,0.601141,0.326039,-0.272305,-0.676888,-36.5169,69.2773,-83.6206,0.0888173,0
1,,302638,Port:10,0,0,0,Enabled,0.59268,0.297038,-0.262037,-0.70131,-29.0132,74.3638,-78.9276,0.0817775,0
1,,302670,Port:10,0,0,0,Enabled,0.586616,0.26783,-0.257136,-0.719743,-23.2205,79.3137,-75.4961,0.0753518,0
1,,302702,Port:10,0,0,0,Enabled,0.582875,0.230089,-0.247878,-0.738832,-14.7437,84.468,-71.8764,0.0660031,0
1,,302742,Port:10,0,0,0,Enabled,0.574829,0.170292,-0.240037,-0.763515,-1.58197,92.0772,-68.889,0.085252,0
1,,302774,Port:10,0,0,0,Enabled,0.575657,0.125404,-0.232233,-0.773925,9.46137,96.7463,-67.8049,0.0915551,0
1,,302806,Port:10,0,0,0,Enabled,0.575145,0.0700382,-0.223581,-0.783782,23.3428,102.96,-67.0194,0.143698,0
1,,302846,Port:10,0,0,0,Enabled,0.565617,0.0199932,-0.217471,-0.795226,33.5894,109.089,-66.7755,0.355003,0
1,,302878,Port:10,0,0,0,Enabled,0.567462,0.0187466,-0.218037,-0.793785,33.5567,109.683,-66.6269,0.375762,0
1,,302918,Port:10,0,0,0,Enabled,0.568715,0.0205378,-0.218244,-0.792787,33.3626,109.287,-67.1366,0.354703,0
1,,302950,Port:10,0,0,0,Enabled,0.572079,0.0310746,-0.220866,-0.78929,30.8792,108.513,-66.9388,0.302531,0
1,,302982,Port:10,0,0,0,Enabled,0.579067,0.0525849,-0.223924,-0.78216,26.6049,106.016,-67.2306,0.205243,0
1,,303022,Port:10,0,0,0,Enabled,0.586957,0.0891663,-0.226839,-0.772059,19.6249,100.083,-69.1498,0.111807,0
1,,303054,Port:10,0,0,0,Enabled,0.592358,0.124402,-0.227282,-0.762876,13.2944,95.2089,-70.5113,0.0886408,0
1,,303086,Port:10,0,0,0,Enabled,0.596654,0.151823,-0.2276,-0.754421,7.92261,91.7746,-71.0049,0.0853317,0
1,,303126,Port:10,0,0,0,Enabled,0.604078,0.189935,-0.225846,-0.740276,0.847537,85.4871,-71.7555,0.0831372,0
1,,303158,Port:10,0,0,0,Enabled,0.613567,0.227911,-0.22529,-0.721691,-6.19816,78.7031,-74.0598,0.0738035,0
1,,303198,Port:10,0,0,0,Enabled,0.629237,0.277344,-0.2213,-0.691497,-14.0074,70.1549,-77.7131,0.149947,0
1,,303230,Port:10,0,0,0,Enabled,0.635481,0.307392,-0.227523,-0.670751,-19.7442,62.2417,-80.9013,0.113294,0
1,,303262,Port:10,0,0,0,Enabled,0.654564,0.343931,-0.245729,-0.626797,-29.5991,49.7609,-88.3862,0.103642,0
1,,303302,Port:10,0,0,0,Enabled,0.665688,0.40236,-0.258268,-0.572943,-40.7196,29.6761,-100.262,0.0748373,0
1,,303334,Port:10,0,0,0,Enabled,0.668483,0.455654,-0.26462,-0.524868,-47.5642,13.181,-112.994,0.0866492,0
1,,303366,Port:10,0,0,0,Enabled,0.662772,0.497528,-0.272086,-0.489049,-51.7397,0.667894,-124.331,0.0538728,0
1,,303406,Port:10,0,0,0,Enabled,0.649072,0.545621,-0.290602,-0.443343,-56.7149,-11.1243,-139.844,0.0657835,0
1,,303438,Port:10,0,0,0,Enabled,0.637967,0.585547,-0.308792,-0.393422,-58.774,-20.9857,-156.548,0.151945,0
1,,303478,Port:10,0,0,0,Enabled,0.615043,0.636682,-0.325193,-0.332577,-57.7363,-33.5498,-180.549,0.180692,0
1,,303510,Port:10,0,0,0,Enabled,0.596237,0.668838,-0.328093,-0.299185,-55.9265,-41.557,-196.28,0.19963,0
1,,303542,Port:10,0,0,0,Enabled,0.584194,0.690633,-0.33101,-0.268655,-53.516,-47.5042,-208.082,0.196582,0
1,,303582,Port:10,0,0,0,Enabled,0.582939,0.711562,-0.317759,-0.22998,-45.6339,-56.0237,-216.965,0.197166,0
1,,303614,Port:10,0,0,0,Enabled,0.579498,0.721409,-0.316708,-0.208438,-42.0666,-61.1041,-223.648,0.206259,0
1,,303646,Port:10,0,0,0,Enabled,0.572179,0.729285,-0.32219,-0.19222,-40.0469,-65.8856,-231.757,0.207815,0
1,,303686,Port:10,0,0,0,Enabled,0.559179,0.744613,-0.322614,-0.169682,-35.1897,-71.6321,-242.087,0.211981,0
1,,303718,Port:10,0,0,0,Enabled,0.548486,0.755725,-0.322537,-0.15496,-32.1487,-75.4362,-248.728,0.22482,0
1,,303758,Port:10,0,0,0,Enabled,0.543048,0.763188,-0.32126,-0.139408,-28.9503,-79.392,-253.308,0.25637,0
1,,303790,Port:10,0,0,0,Enabled,0.54441,0.759089,-0.322317,-0.153341,-31.5165,-79.0293,-251.613,0.253898,0
1,,303822,Port:10,0,0,0,Enabled,0.550409,0.749609,-0.325768,-0.170329,-36.1327,-77.6017,-246.461,0.245271,0
1,,303862,Port:10,0,0,0,Enabled,0.561435,0.735442,-0.325644,-0.194607,-40.8173,-75.2039,-237.869,0.242619,0
1,,303894,Port:10,0,0,0,Enabled,0.568358,0.724124,-0.325607,-0.215859,-44.7884,-73.3023,-232.079,0.242468,0
1,,303926,Port:10,0,0,0,Enabled,0.575246,0.710426,-0.326487,-0.240401,-49.2463,-70.9762,-225.272,0.232444,0
1,,303966,Port:10,0,0,0,Enabled,0.587797,0.68532,-0.325365,-0.281015,-55.5215,-65.3545,-212.639,0.235405,0
1,,303998,Port:10,0,0,0,Enabled,0.597112,0.668015,-0.326244,-0.301294,-59.2722,-61.0353,-202.817,0.230256,0
1,,304038,Port:10,0,0,0,Enabled,0.60912,0.647155,-0.323512,-0.324813,-60.5947,-55.7974,-191.413,0.230225,0
1,,304070,Port:10,0,0,0,Enabled,0.623779,0.629956,-0.31657,-0.3374,-59.2444,-52.3473,-181.161,0.217162,0
1,,304102,Port:10,0,0,0,Enabled,0.637788,0.601227,-0.311945,-0.366664,-60.1944,-44.8106,-167.691,0.206444,0
1,,304142,Port:10,0,0,0,Enabled,0.656785,0.561029,-0.306735,-0.399742,-61.2624,-34.4478,-149.749,0.178817,0
1,,304174,Port:10,0,0,0,Enabled,0.67256,0.536408,-0.306348,-0.40753,-61.6387,-28.1854,-139.233,0.144266,0
1,,304214,Port:10,0,0,0,Enabled,0.684276,0.504652,-0.306703,-0.427815,-61.711,-19.9462,-128.579,0.0832476,0
1,,304246,Port:10,0,0,0,Enabled,0.693708,0.476949,-0.302107,-0.447238,-59.7708,-14.0887,-120.623,0.0618611,0
1,,304278,Port:10,0,0,0,Enabled,0.698768,0.462204,-0.301175,-0.455396,-58.3117,-10.832,-117.809,0.0596217,0
1,,304318,Port:10,0,0,0,Enabled,0.702067,0.451083,-0.297309,-0.463932,-55.9493,-8.41244,-116.499,0.0695951,0
1,,304350,Port:10,0,0,0,Enabled,0.704374,0.427357,-0.289236,-0.487407,-51.2816,-2.74402,-111.403,0.0848738,0
1,,304382,Port:10,0,0,0,Enabled,0.706418,0.398778,-0.284879,-0.510681,-46.8264,4.64859,-104.561,0.088484,0
1,,304422,Port:10,0,0,0,Enabled,0.709631,0.364587,-0.285434,-0.531062,-41.2137,13.8109,-98.0331,0.0774167,0
1,,304454,Port:10,0,0,0,Enabled,0.710537,0.339977,-0.279397,-0.549081,-35.1202,19.3327,-94.2053,0.0739504,0
1,,304494,Port:10,0,0,0,Enabled,0.711275,0.305651,-0.270725,-0.572166,-27.6332,27.2349,-88.677,0.0982035,0
1,,304526,Port:10,0,0,0,Enabled,0.708584,0.270429,-0.256267,-0.599253,-19.938,33.9418,-83.5988,0.143056,0
1,,304558,Port:10,0,0,0,Enabled,0.705713,0.23675,-0.242978,-0.621998,-11.8099,38.8968,-81.089,0.156648,0
1,,304598,Port:10,0,0,0,Enabled,0.706496,0.218923,-0.230145,-0.632431,-4.24344,38.3313,-82.1254,0.13189,0
1,,304630,Port:10,0,0,0,Enabled,0.704167,0.198949,-0.216282,-0.646368,3.1877,39.2323,-81.3528,0.0912462,0
1,,304662,Port:10,0,0,0,Enabled,0.695446,0.152993,-0.201901,-0.672447,15.1903,46.1826,-77.0834,0.0737639,0
1,,304702,Port:10,0,0,0,Enabled,0.68709,0.103245,-0.187093,-0.694438,27.0833,54.0242,-73.3732,0.0464236,0
1,,304734,Port:10,0,0,0,Enabled,0.680447,0.0709984,-0.176774,-0.707604,35.6314,58.6699,-72.3971,0.0415839,0
1,,304774,Port:10,0,0,0,Enabled,0.673695,0.0375754,-0.1668,-0.718958,43.9107,63.7848,-71.938,0.0391589,0
1,,304806,Port:10,0,0,0,Enabled,0.667343,0.0175019,-0.162441,-0.726609,48.4146,67.2288,-71.7548,0.039981,0
1,,304838,Port:10,0,0,0,Enabled,0.666836,0.0180761,-0.166831,-0.726065,47.7744,68.9344,-71.0291,0.0445766,0
1,,304878,Port:10,0,0,0,Enabled,0.667376,0.0254629,-0.173384,-0.723808,45.239,68.8501,-70.8948,0.0410819,0
1,,304910,Port:10,0,0,0,Enabled,0.664107,0.0395246,-0.178109,-0.725036,42.1811,67.4075,-70.8563,0.0411153,0
1,,304942,Port:10,0,0,0,Enabled,0.668489,0.048455,-0.1833,-0.719149,39.3598,66.2338,-71.3301,0.0376261,0
1,,304982,Port:10,0,0,0,Enabled,0.672803,0.0698441,-0.188612,-0.711957,34.6246,63.4801,-72.0593,0.039558,0
1,,305014,Port:10,0,0,0,Enabled,0.677509,0.104821,-0.196311,-0.701039,27.0626,58.3382,-73.8883,0.0541412,0
1,,305054,Port:10,0,0,0,Enabled,0.680637,0.14325,-0.204323,-0.688814,18.8899,52.4851,-76.7301,0.0523668,0
1,,305086,Port:10,0,0,0,Enabled,0.684794,0.176221,-0.210184,-0.675149,11.6685,47.8389,-78.7096,0.0585828,0
1,,305118,Port:10,0,0,0,Enabled,0.67897,0.197901,-0.217753,-0.67262,6.31455,45.2093,-80.817,0.0679581,0
1,,305158,Port:10,0,0,0,Enabled,0.683985,0.230296,-0.229622,-0.652995,-2.11078,40.1133,-84.7472,0.106053,0
1,,305190,Port:10,0,0,0,Enabled,0.687917,0.261425,-0.238549,-0.633659,-9.37149,35.4,-88.9395,0.135782,0
1,,305222,Port:10,0,0,0,Enabled,0.688335,0.292329,-0.244598,-0.61718,-15.1156,30.2842,-93.9938,0.169778,0
1,,305262,Port:10,0,0,0,Enabled,0.690083,0.326421,-0.256601,-0.592783,-21.7472,22.9336,-100.817,0.11005,0
1,,305294,Port:10,0,0,0,Enabled,0.690646,0.355702,-0.266642,-0.570427,-27.9704,16.4269,-107.337,0.0765066,0
1,,305334,Port:10,0,0,0,Enabled,0.691204,0.391578,-0.277459,-0.540296,-34.2738,8.58212,-116.462,0.0799067,0
1,,305366,Port:10,0,0,0,Enabled,0.689717,0.415999,-0.28302,-0.520706,-37.6816,2.9599,-122.932,0.0816071,0
1,,305398,Port:10,0,0,0,Enabled,0.688555,0.437109,-0.288089,-0.501828,-40.4405,-1.70485,-128.679,0.0797207,0
1,,305438,Port:10,0,0,0,Enabled,0.685874,0.462173,-0.292723,-0.479881,-43.2029,-7.63057,-135.851,0.071259,0
1,,305470,Port:10,0,0,0,Enabled,0.681317,0.483548,-0.296842,-0.462464,-45.5525,-12.4307,-142.107,0.0691253,0
1,,305502,Port:10,0,0,0,Enabled,0.67443,0.508731,-0.301466,-0.442103,-47.7393,-17.592,-149.362,0.0706588,0
1,,305542,Port:10,0,0,0,Enabled,0.664498,0.53959,-0.312548,-0.411824,-50.4131,-24.1156,-160.387,0.0796754,0
1,,305574,Port:10,0,0,0,Enabled,0.657371,0.561937,-0.316772,-0.389545,-50.9436,-29.1091,-168.418,0.113393,0
1,,305614,Port:10,0,0,0,Enabled,0.649741,0.585144,-0.324446,-0.360802,-51.1697,-34.387,-177.648,0.150827,0
1,,305646,Port:10,0,0,0,Enabled,0.645326,0.599251,-0.326942,-0.342874,-50.4654,-38.1862,-183.669,0.168066,0
1,,305678,Port:10,0,0,0,Enabled,0.639291,0.616194,-0.332953,-0.317418,-49.6544,-42.4025,-191.073,0.182519,0
1,,305718,Port:10,0,0,0,Enabled,0.623424,0.644538,-0.338348,-0.285365,-47.8085,-49.1676,-204.393,0.197207,0
1,,305750,Port:10,0,0,0,Enabled,0.611363,0.665244,-0.340627,-0.260113,-45.29,-54.3715,-214.76,0.194298,0
1,,305782,Port:10,0,0,0,Enabled,0.598988,0.684536,-0.342528,-0.235158,-42.6358,-58.9224,-224.411,0.198839,0
1,,305822,Port:10,0,0,0,Enabled,0.579202,0.714728,-0.340195,-0.194823,-37.1625,-66.3052,-239.025,0.226675,0
1,,305854,Port:10,0,0,0,Enabled,0.55628,0.749199,-0.322638,-0.158615,-28.7741,-73.6325,-253.121,0.23651,0
1,,305894,Port:10,0,0,0,Enabled,0.527024,0.773622,-0.341261,-0.0854197,-16.789,-79.4655,-272.726,0.265579,0
1,,305926,Port:10,0,0,0,Enabled,0.524203,0.7778,-0.334227,-0.0923566,-15.889,-80.1718,-275.403,0.263816,0
1,,305958,Port:10,0,0,0,Enabled,0.528183,0.777176,-0.329318,-0.0925738,-16.4507,-80.2149,-272.256,0.26442,0
1,,305998,Port:10,0,0,0,Enabled,0.529551,0.77566,-0.32841,-0.100365,-18.0385,-80.0187,-271.715,0.251402,0
1,,306030,Port:10,0,0,0,Enabled,0.534408,0.768892,-0.330842,-0.117296,-21.4525,-78.7333,-269.483,0.255446,0
1,,306070,Port:10,0,0,0,Enabled,0.55393,0.75076,-0.324835,-0.154929,-27.8754,-75.1496,-258.022,0.252591,0
1,,306102,Port:10,0,0,0,Enabled,0.577957,0.722028,-0.320414,-0.204881,-35.1819,-69.0649,-242.141,0.19621,0
1,,306134,Port:10,0,0,0,Enabled,0.600783,0.688568,-0.315721,-0.25545,-41.6832,-61.3559,-224.258,0.196709,0
1,,306174,Port:10,0,0,0,Enabled,0.630462,0.644008,-0.306451,-0.306365,-44.9328,-51.5431,-202.419,0.173845,0
1,,306206,Port:10,0,0,0,Missing,,,,,,,,,0
1,,306246,Port:10,0,0,0,Enabled,0.65822,0.590277,-0.298222,-0.359699,-45.837,-39.8095,-179.503,0.134215,0
1,,306278,Port:10,0,0,0,Enabled,0.667941,0.566659,-0.295265,-0.381538,-45.3484,-34.7389,-170.806,0.0988804,0
1,,306310,Port:10,0,0,0,Enabled,0.677482,0.54225,-0.296755,-0.398648,-45.5623,-29.1488,-162.147,0.0779122,0
1,,306350,Port:10,0,0,0,Enabled,0.691571,0.507012,-0.298433,-0.419055,-44.6083,-21.1837,-150.987,0.0774396,0
1,,306382,Port:10,0,0,0,Enabled,0.700338,0.481515,-0.297723,-0.434777,-42.9893,-15.3243,-143.481,0.0753649,0
1,,306414,Port:10,0,0,0,Enabled,0.707432,0.456397,-0.294246,-0.452395,-40.391,-9.0085,-136.334,0.0748245,0
1,,306454,Port:10,0,0,0,Enabled,0.714493,0.428381,-0.293302,-0.469004,-37.2598,-1.0226,-128.158,0.0876455,0
1,,306486,Port:10,0,0,0,Enabled,0.718655,0.404397,-0.291326,-0.4849,-33.5729,4.69385,-122.156,0.0897582,0
1,,306526,Port:10,0,0,0,Enabled,0.723101,0.378813,-0.289452,-0.499843,-29.5885,11.2506,-116.357,0.086906,0
1,,306558,Port:10,0,0,0,Enabled,0.725071,0.358157,-0.286085,-0.513956,-25.9098,16.6952,-111.928,0.0869157,0
1,,306590,Port:10,0,0,0,Enabled,0.723662,0.334629,-0.278186,-0.535676,-21.1326,23.2149,-106.047,0.0946293,0
1,,306630,Port:10,0,0,0,Enabled,0.724825,0.301509,-0.270942,-0.557056,-15.0822,32.5525,-99.1289,0.157966,0
1,,306662,Port:10,0,0,0,Enabled,0.725078,0.269361,-0.266576,-0.575015,-9.67623,39.2574,-94.3441,0.159968,0
1,,306694,Port:10,0,0,0,Enabled,0.723274,0.246828,-0.261384,-0.589601,-4.80856,43.4779,-91.073,0.152994,0
1,,306734,Port:10,0,0,0,Enabled,0.719137,0.224835,-0.261523,-0.603238,-0.743044,49.7666,-88.7184,0.102702,0
1,,306766,Port:10,0,0,0,Enabled,0.710732,0.199113,-0.263073,-0.621294,3.99771,56.5713,-86.3877,0.0797738,0
1,,306806,Port:10,0,0,0,Enabled,0.707317,0.167032,-0.272379,-0.630565,7.36499,65.0071,-84.7123,0.0767559,0
1,,306838,Port:10,0,0,0,Enabled,0.706271,0.137367,-0.27798,-0.636427,11.3402,71.8861,-83.8256,0.0779539,0
1,,306870,Port:10,0,0,0,Enabled,0.705209,0.0773985,-0.294292,-0.640377,17.1533,84.1698,-84.4704,0.0870507,0
1,,306910,Port:10,0,0,0,Enabled,0.697587,0.0260779,-0.311563,-0.644686,21.4879,95.0388,-86.1542,0.143151,0
1,,306942,Port:10,0,0,0,Enabled,0.690329,0.0190358,-0.317517,-0.64982,21.2017,96.422,-86.7377,0.161226,0
1,,306974,Port:10,0,0,0,Enabled,0.686942,0.027611,-0.317053,-0.653319,19.9606,94.8504,-86.2255,0.147555,0
1,,307014,Port:10,0,0,0,Enabled,0.678013,0.0398158,-0.313225,-0.663779,18.5097,92.8469,-83.7947,0.12946,0
1,,307046,Port:10,0,0,0,Enabled,0.669478,0.0616427,-0.309976,-0.672246,16.3745,89.168,-82.39,0.105357,0
1,,307086,Port:10,0,0,0,Enabled,0.670478,0.0963589,-0.307613,-0.668243,9.62139,81.1528,-81.4908,0.0789856,0
1,,307118,Port:10,0,0,0,Enabled,0.661596,0.116733,-0.30869,-0.673332,-0.372874,75.3048,-78.924,0.066337,0
1,,307150,Port:10,0,0,0,Enabled,0.65282,0.13476,-0.309574,-0.678108,-12.3783,68.5485,-75.6224,0.0472831,0
1,,307190,Port:10,0,0,0,Enabled,0.647661,0.155783,-0.312827,-0.677057,-26.0114,59.29,-73.1312,0.0630636,0
1,,307222,Port:10,0,0,0,Enabled,0.640242,0.172992,-0.316908,-0.678037,-33.9594,50.568,-71.2586,0.0988967,0
1,,307254,Port:10,0,0,0,Enabled,0.634827,0.190726,-0.320465,-0.676698,-41.8119,41.1455,-69.8848,0.0848556,0
1,,307294,Port:10,0,0,0,Missing,,,,,,,,,0
1,,307326,Port:10,0,0,0,Enabled,0.639045,0.256835,-0.319442,-0.650856,-60.0141,18.3937,-69.9418,0.0593612,0
1,,307366,Port:10,0,0,0,Enabled,0.642221,0.313611,-0.31666,-0.62364,-69.1284,3.75064,-75.3326,0.0737206,0
1,,307398,Port:10,0,0,0,Enabled,0.646248,0.359233,-0.313864,-0.595655,-73.7087,-7.60288,-82.5441,0.101931,0
1,,307430,Port:10,0,0,0,Enabled,0.655394,0.408916,-0.315062,-0.551346,-75.678,-19.2807,-90.6745,0.104988,0
1,,307470,Port:10,0,0,0,Enabled,0.64752,0.471941,-0.311796,-0.51066,-74.6363,-33.6777,-104.636,0.155379,0
1,,307502,Port:10,0,0,0,Enabled,0.647085,0.50683,-0.319133,-0.471762,-73.6043,-42.8194,-116.285,0.23087,0
1,,307534,Port:10,0,0,0,Enabled,0.64797,0.529305,-0.325275,-0.440644,-71.6727,-49.2415,-125.265,0.241842,0
1,,307574,Port:10,0,0,0,Enabled,0.646226,0.55857,-0.332785,-0.399557,-69.3782,-56.4278,-136.103,0.254799,0
1,,307606,Port:10,0,0,0,Enabled,0.645056,0.582008,-0.340213,-0.359755,-67.0862,-63.3789,-146.268,0.253868,0
1,,307646,Port:10,0,0,0,Enabled,0.648713,0.600997,-0.322873,-0.337235,-59.0785,-71.7109,-153.747,0.25967,0
1,,307678,Port:10,0,0,0,Enabled,0.651563,0.619053,-0.309886,-0.310178,-51.5693,-79.5627,-161.319,0.261756,0
1,,307710,Port:10,0,0,0,Enabled,0.652163,0.631279,-0.29871,-0.294862,-45.9112,-85.0348,-167.45,0.233793,0
1,,307750,Port:10,0,0,0,Enabled,0.649934,0.63567,-0.291494,-0.297558,-43.9078,-86.8971,-170.149,0.240362,0
1,,307782,Port:10,0,0,0,Enabled,0.650035,0.632849,-0.293966,-0.300901,-45.115,-85.6868,-169.252,0.238778,0
1,,307814,Port:10,0,0,0,Enabled,0.649502,0.616988,-0.300083,-0.327754,-49.4558,-79.9064,-164.296,0.24592,0
1,,307854,Port:10,0,0,0,Enabled,0.641443,0.583787,-0.307839,-0.391125,-56.6315,-67.4138,-154.396,0.238338,0
1,,307886,Port:10,0,0,0,Enabled,0.638378,0.557341,-0.315939,-0.426647,-60.4935,-57.4771,-146.511,0.221163,0
1,,307926,Port:10,0,0,0,Enabled,0.639895,0.50747,-0.316649,-0.482433,-61.1355,-41.6141,-131.439,0.12261,0
1,,307958,Port:10,0,0,0,Enabled,0.643948,0.456651,-0.324331,-0.521163,-60.148,-25.9362,-118.981,0.0723248,0
1,,307990,Port:10,0,0,0,Enabled,0.644268,0.407405,-0.334505,-0.554118,-56.6132,-9.9798,-109.556,0.0545589,0
1,,308030,Port:10,0,0,0,Enabled,0.642715,0.360791,-0.33889,-0.584724,-48.778,4.39839,-101.985,0.0558924,0
1,,308062,Port:10,0,0,0,Enabled,0.647588,0.341464,-0.344207,-0.587838,-44.0567,10.468,-101.647,0.055606,0
1,,308102,Port:10,0,0,0,Enabled,0.651898,0.325349,-0.340851,-0.594137,-37.0984,14.1238,-102.939,0.0559896,0
1,,308134,Port:10,0,0,0,Enabled,0.654324,0.306855,-0.336243,-0.603856,-30.9823,18.2747,-102.598,0.0594825,0
1,,308166,Port:10,0,0,0,Enabled,0.654847,0.279084,-0.332819,-0.618481,-24.0151,26.7697,-99.967,0.0697277,0
1,,308206,Port:10,0,0,0,Enabled,0.645145,0.248099,-0.324754,-0.645578,-14.661,42.006,-95.3102,0.263068,0
1,,308238,Port:10,0,0,0,Enabled,0.646994,0.209682,-0.334634,-0.652267,-10.0182,51.953,-92.9459,0.128123,0
1,,308270,Port:10,0,0,0,Enabled,0.646105,0.200527,-0.342947,-0.65171,-10.3593,55.3737,-92.6154,0.0901747,0
1,,308310,Port:10,0,0,0,Enabled,0.643635,0.22318,-0.339894,-0.648381,-14.4088,50.7954,-93.9293,0.159544,0
1,,308342,Port:10,0,0,0,Enabled,0.642314,0.245183,-0.34203,-0.640574,-18.3627,45.6901,-97.1146,0.15693,0
1,,308382,Port:10,0,0,0,Enabled,0.64751,0.274974,-0.343801,-0.62203,-24.3624,36.7223,-101.292,0.0717429,0
1,,308414,Port:10,0,0,0,Enabled,0.650804,0.298672,-0.347465,-0.605407,-29.122,30.749,-104.57,0.0667647,0
1,,308446,Port:10,0,0,0,Enabled,0.65326,0.316892,-0.348947,-0.592509,-32.0895,25.8911,-107.026,0.0656821,0
1,,308486,Port:10,0,0,0,Enabled,0.657348,0.336179,-0.353647,-0.574292,-36.0337,20.1854,-110.13,0.064189,0
1,,308518,Port:10,0,0,0,Enabled,0.661669,0.359926,-0.358785,-0.551289,-39.8517,14.1096,-114.753,0.0689849,0
1,,308550,Port:10,0,0,0,Enabled,0.664309,0.398097,-0.363024,-0.518099,-44.7987,4.05337,-123.395,0.0782604,0
1,,308590,Port:10,0,0,0,Enabled,0.662253,0.442682,-0.361918,-0.48422,-47.9219,-8.47662,-134.683,0.0732575,0
1,,308622,Port:10,0,0,0,Enabled,0.656395,0.479569,-0.357897,-0.459423,-49.6882,-18.1616,-143.278,0.0636559,0
1,,308662,Port:10,0,0,0,Enabled,0.653331,0.513571,-0.351552,-0.431063,-49.2712,-27.5973,-151.151,0.0785208,0
1,,308694,Port:10,0,0,0,Enabled,0.65277,0.540484,-0.360773,-0.389372,-49.7325,-35.0434,-160.429,0.127873,0
1,,308726,Port:10,0,0,0,Enabled,0.650498,0.569578,-0.366913,-0.343232,-48.1635,-44.1303,-171.57,0.187722,0
1,,308766,Port:10,0,0,0,Enabled,0.650393,0.599496,-0.366967,-0.287974,-42.6782,-55.0246,-182.909,0.202566,0
1,,308798,Port:10,0,0,0,Enabled,0.643444,0.619532,-0.368716,-0.257311,-39.7637,-61.5959,-191.448,0.223493,0
1,,308830,Port:10,0,0,0,Enabled,0.638781,0.637982,-0.368042,-0.222447,-35.5718,-68.2295,-198.64,0.222336,0
1,,308870,Port:10,0,0,0,Enabled,0.638526,0.647656,-0.35995,-0.207998,-31.493,-71.9753,-201.691,0.233265,0
1,,308902,Port:10,0,0,0,Enabled,0.644308,0.639401,-0.356274,-0.221592,-32.2191,-69.8445,-197.385,0.23155,0
1,,308942,Port:10,0,0,0,Enabled,0.653971,0.619657,-0.35172,-0.254245,-35.2802,-63.9484,-188.282,0.204287,0
1,,308974,Port:10,0,0,0,Enabled,0.661306,0.59873,-0.349496,-0.286441,-37.9402,-57.5056,-179.595,0.2046,0
1,,309006,Port:10,0,0,0,Enabled,0.668732,0.569442,-0.342491,-0.333515,-40.577,-48.3115,-167.458,0.157733,0
1,,309046,Port:10,0,0,0,Enabled,0.67652,0.522184,-0.339759,-0.392694,-43.281,-33.8579,-150.519,0.0833745,0
1,,309078,Port:10,0,0,0,Enabled,0.682591,0.487623,-0.338953,-0.425917,-43.223,-23.722,-139.459,0.0671424,0
1,,309110,Port:10,0,0,0,Enabled,0.689433,0.459861,-0.340059,-0.444489,-41.2523,-15.8609,-131.784,0.0641464,0
1,,309150,Port:10,0,0,0,Enabled,0.692174,0.433013,-0.338636,-0.467675,-38.5877,-8.26465,-125.009,0.0723694,0
1,,309182,Port:10,0,0,0,Enabled,0.693082,0.41132,-0.339684,-0.484839,-36.2361,-2.00058,-120.36,0.0777196,0
1,,309222,Port:10,0,0,0,Enabled,0.691454,0.383702,-0.338814,-0.509775,-32.9176,5.84939,-114.156,0.0759866,0
1,,309254,Port:10,0,0,0,Enabled,0.688877,0.366946,-0.339727,-0.524772,-31.1189,11.3641,-110.471,0.0720538,0
1,,309286,Port:10,0,0,0,Enabled,0.688692,0.355416,-0.340039,-0.532689,-29.691,14.8052,-108.049,0.0714477,0
1,,309326,Port:10,0,0,0,Enabled,0.686753,0.349477,-0.341027,-0.538458,-29.391,16.8901,-107.005,0.0703157,0
1,,309358,Port:10,0,0,0,Enabled,0.685059,0.348341,-0.3431,-0.540033,-29.681,17.6298,-107.359,0.071485,0
1,,309398,Port:10,0,0,0,Enabled,0.685141,0.33102,-0.344313,-0.549961,-27.0242,22.3234,-104.382,0.0700685,0
1,,309430,Port:10,0,0,0,Enabled,0.685218,0.314893,-0.340441,-0.561622,-23.2745,26.6581,-100.979,0.0763461,0
1,,309462,Port:10,0,0,0,Enabled,0.684999,0.300319,-0.339601,-0.570312,-20.3232,30.7812,-98.8042,0.0850286,0
1,,309502,Port:10,0,0,0,Enabled,0.680706,0.293761,-0.338854,-0.579243,-19.7465,32.9699,-97.6053,0.085681,0
1,,309534,Port:10,0,0,0,Enabled,0.680011,0.293796,-0.339512,-0.579656,-19.9339,33.0391,-97.9951,0.0842688,0
1,,309566,Port:10,0,0,0,Enabled,0.679639,0.28998,-0.339509,-0.582011,-19.0592,34.2038,-97.594,0.0852776,0
1,,309606,Port:10,0,0,0,Enabled,0.678223,0.279721,-0.337377,-0.589871,-16.6712,37.3939,-95.7278,0.0858056,0
1,,309638,Port:10,0,0,0,Enabled,0.677102,0.272548,-0.335422,-0.595604,-14.8423,39.7528,-94.4276,0.0941225,0
1,,309678,Port:10,0,0,0,Enabled,0.68011,0.252606,-0.327188,-0.605466,-8.50086,46.4128,-91.1636,0.252579,0
1,,309710,Port:10,0,0,0,Enabled,0.698953,0.196246,-0.335094,-0.600554,-1.35043,54.1443,-88.2741,0.0655946,0
1,,309742,Port:10,0,0,0,Enabled,0.695515,0.144707,-0.335683,-0.618576,7.24757,63.3446,-85.1985,0.0621632,0
1,,309782,Port:10,0,0,0,Enabled,0.692143,0.0910828,-0.3276,-0.636648,19.0804,73.3101,-81.646,0.0650888,0
1,,309814,Port:10,0,0,0,Enabled,0.689989,0.0493227,-0.320944,-0.646899,28.0265,81.2329,-79.4365,0.0755282,0
1,,309846,Port:10,0,0,0,Enabled,0.687606,0.0255019,-0.316479,-0.652985,33.367,85.8491,-78.2482,0.092138,0
1,,309886,Port:10,0,0,0,Enabled,0.686868,0.0398321,-0.320706,-0.65098,29.5284,83.6533,-78.5453,0.0825632,0
1,,309918,Port:10,0,0,0,Enabled,0.685349,0.0730669,-0.3257,-0.647209,22.3035,78.2418,-79.3805,0.0690176,0
1,,309958,Port:10,0,0,0,Enabled,0.689617,0.11709,-0.32546,-0.636235,14.0648,70.1553,-80.3634,0.0635925,0
1,,309990,Port:10,0,0,0,Enabled,0.688798,0.155676,-0.324951,-0.62907,7.27779,63.3003,-81.9883,0.0614451,0
1,,310022,Port:10,0,0,0,Enabled,0.687911,0.195716,-0.324423,-0.61905,1.11438,55.9909,-84.7998,0.0602422,0
1,,310062,Port:10,0,0,0,Enabled,0.687571,0.263389,-0.335715,-0.587511,-12.7108,44.2556,-92.5239,0.159262,0
1,,310094,Port:10,0,0,0,Enabled,0.697514,0.292612,-0.35102,-0.55194,-20.8952,33.9756,-99.5621,0.082923,0
1,,310126,Port:10,0,0,0,Enabled,0.698529,0.318637,-0.3568,-0.532186,-25.4864,26.6186,-105.277,0.0747758,0
1,,310166,Port:10,0,0,0,Enabled,0.69887,0.361885,-0.36665,-0.496174,-33.9834,15.3599,-114.854,0.0794691,0
1,,310198,Port:10,0,0,0,Enabled,0.69707,0.401549,-0.373295,-0.462063,-40.1738,4.47584,-124.851,0.0902588,0
1,,310238,Port:10,0,0,0,Enabled,0.689964,0.437291,-0.373123,-0.439893,-42.9902,-6.67219,-135.645,0.087301,0
1,,310270,Port:10,0,0,0,Enabled,0.684122,0.470492,-0.37637,-0.411048,-45.6646,-16.4082,-145.445,0.0727068,0
1,,310302,Port:10,0,0,0,Enabled,0.677803,0.490538,-0.380918,-0.393519,-47.2522,-22.1363,-152.969,0.0795529,0
1,,310342,Port:10,0,0,0,Enabled,0.670692,0.508479,-0.3808,-0.382901,-48.0348,-26.765,-158.821,0.0931714,0
1,,310374,Port:10,0,0,0,Enabled,0.668441,0.517364,-0.381742,-0.373889,-47.992,-29.1355,-162.169,0.0999396,0
1,,310406,Port:10,0,0,0,Enabled,0.663508,0.531631,-0.382611,-0.361571,-48.2738,-32.9886,-167.115,0.123626,0
1,,310446,Port:10,0,0,0,Enabled,0.657458,0.54299,-0.382165,-0.356174,-48.5109,-35.9368,-171.751,0.13791,0
